4.274387e-02,0.000000e+00,2.724695e-02,0.000000e+00,0.000000e+00,0.000000e+00,0.000000e+00,0.000000e+00,1.742432e-02,0.000000e+00,0.000000e+00,0.000000e+00,0.000000e+00,5.934961e-02,0.000000e+00,4.762049e-03,8.730423e-03,0.000000e+00,0.000000e+00,1.180421e-02,0.000000e+00,0.000000e+00,1.386274e-02,0.000000e+00,1.186992e-01,0.000000e+00,1.849714e-02,2.994783e-02,0.000000e+00,6.189105e-02,0.000000e+00,0.000000e+00,0.000000e+00,0.000000e+00,0.000000e+00,0.000000e+00,0.000000e+00,0.000000e+00,0.000000e+00,0.000000e+00,0.000000e+00,0.000000e+00,2.371227e-02,0.000000e+00,0.000000e+00,0.000000e+00,1.896982e-01,3.968374e-03,0.000000e+00,0.000000e+00,4.204633e-02,0.000000e+00,0.000000e+00,0.000000e+00,8.121330e-02,0.000000e+00,0.000000e+00,2.942686e-02,0.000000e+00,0.000000e+00,1.473310e-01,0.000000e+00,0.000000e+00,0.000000e+00,0.000000e+00,0.000000e+00,0.000000e+00,0.000000e+00,0.000000e+00,4.204633e-02,0.000000e+00,0.000000e+00,0.000000e+00,0.000000e+00,2.477273e-02,0.000000e+00,0.000000e+00,0.000000e+00,0.000000e+00,0.000000e+00,0.000000e+00,0.000000e+00,0.000000e+00,0.000000e+00,7.754262e-03,0.000000e+00,1.497392e-02,3.300992e-02,0.000000e+00,0.000000e+00,0.000000e+00,9.808952e-03,0.000000e+00,0.000000e+00,0.000000e+00,0.000000e+00,0.000000e+00,0.000000e+00,0.000000e+00,0.000000e+00,0.000000e+00,0.000000e+00,0.000000e+00,0.000000e+00,0.000000e+00,0.000000e+00,6.411047e-03,1.587350e-03,0.000000e+00,1.043497e-01,0.000000e+00,0.000000e+00,0.000000e+00,0.000000e+00,0.000000e+00,0.000000e+00,0.000000e+00,4.469206e-02,0.000000e+00,1.770631e-02,0.000000e+00,1.238636e-02,0.000000e+00,0.000000e+00,0.000000e+00,0.000000e+00,0.000000e+00,5.902105e-03,0.000000e+00,0.000000e+00,0.000000e+00,0.000000e+00,0.000000e+00,0.000000e+00,3.205523e-03,1.587350e-03,2.556086e-02,7.327079e-02,0.000000e+00,7.754262e-03
1.367804e-01,0.000000e+00,1.795093e-02,0.000000e+00,0.000000e+00,4.747969e-02,0.000000e+00,0.000000e+00,1.393945e-01,0.000000e+00,0.000000e+00,0.000000e+00,1.682989e-01,0.000000e+00,0.000000e+00,1.269880e-03,8.889158e-03,0.000000e+00,0.000000e+00,1.888674e-02,0.000000e+00,0.000000e+00,4.436077e-02,0.000000e+00,0.000000e+00,0.000000e+00,2.959543e-02,2.395827e-02,0.000000e+00,0.000000e+00,0.000000e+00,0.000000e+00,0.000000e+00,0.000000e+00,0.000000e+00,0.000000e+00,0.000000e+00,0.000000e+00,0.000000e+00,0.000000e+00,0.000000e+00,0.000000e+00,0.000000e+00,0.000000e+00,0.000000e+00,0.000000e+00,1.138189e-01,7.619278e-03,0.000000e+00,2.959543e-02,0.000000e+00,0.000000e+00,0.000000e+00,0.000000e+00,1.299413e-01,0.000000e+00,0.000000e+00,2.092576e-02,0.000000e+00,0.000000e+00,0.000000e+00,0.000000e+00,0.000000e+00,0.000000e+00,0.000000e+00,0.000000e+00,0.000000e+00,0.000000e+00,0.000000e+00,1.009112e-01,0.000000e+00,0.000000e+00,0.000000e+00,0.000000e+00,1.981818e-02,0.000000e+00,0.000000e+00,0.000000e+00,0.000000e+00,4.253916e-02,0.000000e+00,0.000000e+00,0.000000e+00,0.000000e+00,1.240682e-02,0.000000e+00,0.000000e+00,5.281587e-02,0.000000e+00,0.000000e+00,0.000000e+00,1.046288e-02,0.000000e+00,1.260567e-01,0.000000e+00,0.000000e+00,0.000000e+00,0.000000e+00,0.000000e+00,0.000000e+00,0.000000e+00,0.000000e+00,0.000000e+00,0.000000e+00,0.000000e+00,1.914453e-01,5.128837e-03,1.269880e-03,0.000000e+00,0.000000e+00,0.000000e+00,0.000000e+00,0.000000e+00,0.000000e+00,0.000000e+00,0.000000e+00,0.000000e+00,0.000000e+00,0.000000e+00,7.554694e-02,0.000000e+00,1.981818e-02,0.000000e+00,5.009441e-02,0.000000e+00,0.000000e+00,0.000000e+00,9.443368e-03,0.000000e+00,0.000000e+00,0.000000e+00,0.000000e+00,0.000000e+00,0.000000e+00,1.025767e-02,2.539759e-03,2.044868e-02,0.000000e+00,0.000000e+00,4.962727e-02
1.972794e-02,6.047679e-02,2.958945e-03,0.000000e+00,0.000000e+00,0.000000e+00,0.000000e+00,0.000000e+00,0.000000e+00,1.369606e-02,1.094413e-02,0.000000e+00,0.000000e+00,0.000000e+00,0.000000e+00,1.465246e-03,2.930492e-03,5.918382e-02,0.000000e+00,5.448097e-03,0.000000e+00,0.000000e+00,3.199094e-02,0.000000e+00,0.000000e+00,0.000000e+00,8.537142e-03,1.382208e-02,0.000000e+00,0.000000e+00,0.000000e+00,0.000000e+00,0.000000e+00,0.000000e+00,1.227091e-02,0.000000e+00,0.000000e+00,0.000000e+00,0.000000e+00,0.000000e+00,0.000000e+00,0.000000e+00,5.472063e-02,0.000000e+00,0.000000e+00,0.000000e+00,0.000000e+00,7.326229e-04,0.000000e+00,8.537142e-03,5.821800e-02,0.000000e+00,0.000000e+00,0.000000e+00,0.000000e+00,1.605380e-02,5.522461e-02,1.509070e-02,0.000000e+00,0.000000e+00,6.799891e-02,0.000000e+00,0.000000e+00,0.000000e+00,0.000000e+00,0.000000e+00,0.000000e+00,0.000000e+00,0.000000e+00,9.703000e-03,0.000000e+00,0.000000e+00,0.000000e+00,0.000000e+00,3.811189e-03,2.076770e-02,0.000000e+00,0.000000e+00,0.000000e+00,1.227091e-02,0.000000e+00,0.000000e+00,0.000000e+00,0.000000e+00,0.000000e+00,0.000000e+00,1.382208e-02,0.000000e+00,0.000000e+00,0.000000e+00,0.000000e+00,3.018139e-03,0.000000e+00,0.000000e+00,1.874153e-02,0.000000e+00,0.000000e+00,0.000000e+00,0.000000e+00,0.000000e+00,0.000000e+00,0.000000e+00,0.000000e+00,0.000000e+00,0.000000e+00,0.000000e+00,7.397362e-03,7.326229e-04,0.000000e+00,3.210760e-02,0.000000e+00,0.000000e+00,0.000000e+00,0.000000e+00,0.000000e+00,0.000000e+00,0.000000e+00,5.156776e-02,0.000000e+00,8.172145e-03,0.000000e+00,1.905594e-03,0.000000e+00,1.445031e-02,0.000000e+00,0.000000e+00,0.000000e+00,1.089619e-02,0.000000e+00,0.000000e+00,0.000000e+00,0.000000e+00,0.000000e+00,0.000000e+00,2.219209e-03,2.930492e-03,0.000000e+00,1.690864e-02,0.000000e+00,0.000000e+00
0.000000e+00,0.000000e+00,5.305694e-03,0.000000e+00,0.000000e+00,2.455846e-02,0.000000e+00,0.000000e+00,8.652074e-02,0.000000e+00,1.962395e-02,0.000000e+00,0.000000e+00,0.000000e+00,0.000000e+00,5.911509e-03,1.313669e-03,0.000000e+00,0.000000e+00,4.884501e-03,0.000000e+00,0.000000e+00,0.000000e+00,0.000000e+00,4.911692e-02,0.000000e+00,0.000000e+00,1.239221e-02,0.000000e+00,0.000000e+00,0.000000e+00,0.000000e+00,0.000000e+00,0.000000e+00,2.200301e-02,0.000000e+00,0.000000e+00,0.000000e+00,0.000000e+00,0.000000e+00,0.000000e+00,0.000000e+00,3.924790e-02,0.000000e+00,0.000000e+00,0.000000e+00,3.924790e-02,2.627337e-03,0.000000e+00,4.592394e-02,0.000000e+00,0.000000e+00,0.000000e+00,0.000000e+00,0.000000e+00,2.878613e-02,0.000000e+00,1.352959e-02,0.000000e+00,9.902344e-02,0.000000e+00,0.000000e+00,0.000000e+00,0.000000e+00,0.000000e+00,0.000000e+00,0.000000e+00,0.000000e+00,0.000000e+00,0.000000e+00,0.000000e+00,0.000000e+00,0.000000e+00,0.000000e+00,2.733542e-02,3.723863e-02,9.902344e-02,1.782067e-01,0.000000e+00,0.000000e+00,0.000000e+00,0.000000e+00,0.000000e+00,0.000000e+00,6.417320e-03,0.000000e+00,1.239221e-02,0.000000e+00,0.000000e+00,0.000000e+00,0.000000e+00,1.623551e-02,1.369066e-01,0.000000e+00,3.360550e-02,0.000000e+00,0.000000e+00,0.000000e+00,0.000000e+00,0.000000e+00,0.000000e+00,0.000000e+00,0.000000e+00,0.000000e+00,0.000000e+00,0.000000e+00,5.305694e-03,6.568343e-04,0.000000e+00,0.000000e+00,0.000000e+00,0.000000e+00,0.000000e+00,0.000000e+00,0.000000e+00,5.122018e-02,0.000000e+00,5.547980e-02,0.000000e+00,2.442250e-02,0.000000e+00,6.833855e-03,0.000000e+00,0.000000e+00,0.000000e+00,0.000000e+00,0.000000e+00,1.465350e-02,0.000000e+00,0.000000e+00,0.000000e+00,0.000000e+00,0.000000e+00,0.000000e+00,5.305694e-03,3.284172e-03,1.057691e-02,3.031895e-02,0.000000e+00,1.925196e-02
0.000000e+00,0.000000e+00,1.505202e-02,0.000000e+00,0.000000e+00,0.000000e+00,0.000000e+00,0.000000e+00,0.000000e+00,6.193003e-02,0.000000e+00,0.000000e+00,0.000000e+00,0.000000e+00,0.000000e+00,7.453642e-03,6.625459e-03,0.000000e+00,0.000000e+00,0.000000e+00,0.000000e+00,0.000000e+00,5.786187e-02,0.000000e+00,0.000000e+00,0.000000e+00,0.000000e+00,3.124991e-02,0.000000e+00,0.000000e+00,0.000000e+00,0.000000e+00,0.000000e+00,0.000000e+00,8.322879e-02,0.000000e+00,0.000000e+00,0.000000e+00,0.000000e+00,0.000000e+00,0.000000e+00,0.000000e+00,2.474324e-02,0.000000e+00,0.000000e+00,0.000000e+00,0.000000e+00,2.484547e-03,0.000000e+00,0.000000e+00,6.581165e-02,0.000000e+00,0.000000e+00,0.000000e+00,0.000000e+00,0.000000e+00,0.000000e+00,2.729447e-02,0.000000e+00,0.000000e+00,1.861023e-01,0.000000e+00,0.000000e+00,0.000000e+00,0.000000e+00,0.000000e+00,0.000000e+00,0.000000e+00,0.000000e+00,2.193722e-02,0.000000e+00,0.000000e+00,0.000000e+00,0.000000e+00,1.292490e-02,0.000000e+00,0.000000e+00,0.000000e+00,0.000000e+00,5.548586e-02,0.000000e+00,0.000000e+00,0.000000e+00,0.000000e+00,8.091403e-03,5.488007e-02,0.000000e+00,3.444513e-02,0.000000e+00,0.000000e+00,0.000000e+00,3.411809e-03,0.000000e+00,0.000000e+00,4.237216e-02,0.000000e+00,0.000000e+00,0.000000e+00,0.000000e+00,0.000000e+00,0.000000e+00,0.000000e+00,0.000000e+00,0.000000e+00,0.000000e+00,0.000000e+00,8.362235e-03,8.281824e-04,0.000000e+00,0.000000e+00,0.000000e+00,0.000000e+00,0.000000e+00,0.000000e+00,0.000000e+00,0.000000e+00,0.000000e+00,0.000000e+00,0.000000e+00,6.158718e-03,0.000000e+00,0.000000e+00,0.000000e+00,0.000000e+00,0.000000e+00,0.000000e+00,0.000000e+00,6.158718e-03,0.000000e+00,0.000000e+00,0.000000e+00,0.000000e+00,0.000000e+00,0.000000e+00,3.344894e-03,4.140912e-03,1.333610e-02,0.000000e+00,0.000000e+00,2.427421e-02
0.000000e+00,0.000000e+00,2.024541e-03,0.000000e+00,0.000000e+00,0.000000e+00,0.000000e+00,0.000000e+00,1.320580e-01,3.748397e-02,2.995234e-02,0.000000e+00,0.000000e+00,0.000000e+00,0.000000e+00,1.002537e-03,2.005073e-03,0.000000e+00,0.000000e+00,0.000000e+00,0.000000e+00,0.000000e+00,3.502166e-02,0.000000e+00,0.000000e+00,0.000000e+00,0.000000e+00,5.674326e-02,0.000000e+00,7.817817e-02,0.000000e+00,0.000000e+00,0.000000e+00,0.000000e+00,0.000000e+00,0.000000e+00,0.000000e+00,0.000000e+00,0.000000e+00,0.000000e+00,0.000000e+00,0.000000e+00,0.000000e+00,0.000000e+00,0.000000e+00,0.000000e+00,2.995234e-02,1.002537e-03,0.000000e+00,2.336481e-02,0.000000e+00,0.000000e+00,6.643377e-02,0.000000e+00,0.000000e+00,4.393672e-02,0.000000e+00,3.304068e-02,1.007506e-01,0.000000e+00,0.000000e+00,0.000000e+00,0.000000e+00,0.000000e+00,0.000000e+00,0.000000e+00,0.000000e+00,1.065464e-01,0.000000e+00,2.655558e-02,0.000000e+00,0.000000e+00,0.000000e+00,0.000000e+00,1.043062e-02,0.000000e+00,0.000000e+00,0.000000e+00,0.000000e+00,0.000000e+00,0.000000e+00,0.000000e+00,0.000000e+00,0.000000e+00,1.958971e-02,1.328675e-01,1.891442e-02,4.169674e-02,0.000000e+00,0.000000e+00,0.000000e+00,1.239026e-02,0.000000e+00,0.000000e+00,5.129261e-02,0.000000e+00,0.000000e+00,0.000000e+00,0.000000e+00,0.000000e+00,0.000000e+00,0.000000e+00,1.359999e-01,0.000000e+00,0.000000e+00,0.000000e+00,6.073623e-03,3.007610e-03,0.000000e+00,0.000000e+00,0.000000e+00,0.000000e+00,0.000000e+00,0.000000e+00,0.000000e+00,0.000000e+00,0.000000e+00,0.000000e+00,0.000000e+00,4.473174e-02,0.000000e+00,2.086124e-02,4.393672e-02,0.000000e+00,0.000000e+00,0.000000e+00,0.000000e+00,1.491058e-02,0.000000e+00,0.000000e+00,0.000000e+00,0.000000e+00,0.000000e+00,0.000000e+00,6.073623e-03,6.015219e-03,3.228740e-02,0.000000e+00,0.000000e+00,3.917943e-02
5.399226e-02,8.275772e-02,8.098164e-03,0.000000e+00,0.000000e+00,0.000000e+00,0.000000e+00,0.000000e+00,1.100483e-02,0.000000e+00,0.000000e+00,0.000000e+00,0.000000e+00,3.748397e-02,0.000000e+00,2.005073e-03,1.002537e-03,0.000000e+00,0.000000e+00,0.000000e+00,0.000000e+00,0.000000e+00,0.000000e+00,0.000000e+00,7.496793e-02,0.000000e+00,0.000000e+00,5.674326e-02,0.000000e+00,0.000000e+00,0.000000e+00,0.000000e+00,0.000000e+00,0.000000e+00,3.358355e-02,0.000000e+00,0.000000e+00,0.000000e+00,0.000000e+00,0.000000e+00,0.000000e+00,0.000000e+00,0.000000e+00,0.000000e+00,0.000000e+00,1.146596e-01,2.096664e-01,1.002537e-03,0.000000e+00,0.000000e+00,5.311116e-02,0.000000e+00,0.000000e+00,0.000000e+00,0.000000e+00,0.000000e+00,0.000000e+00,1.652034e-02,6.716710e-02,0.000000e+00,1.175383e-01,0.000000e+00,0.000000e+00,0.000000e+00,0.000000e+00,0.000000e+00,0.000000e+00,0.000000e+00,0.000000e+00,0.000000e+00,0.000000e+00,0.000000e+00,0.000000e+00,0.000000e+00,1.043062e-02,0.000000e+00,0.000000e+00,0.000000e+00,0.000000e+00,0.000000e+00,0.000000e+00,0.000000e+00,4.393672e-02,0.000000e+00,0.000000e+00,6.643377e-02,0.000000e+00,0.000000e+00,0.000000e+00,0.000000e+00,0.000000e+00,8.260170e-03,0.000000e+00,0.000000e+00,0.000000e+00,0.000000e+00,0.000000e+00,0.000000e+00,0.000000e+00,0.000000e+00,0.000000e+00,0.000000e+00,0.000000e+00,0.000000e+00,0.000000e+00,0.000000e+00,4.049082e-03,3.007610e-03,0.000000e+00,0.000000e+00,0.000000e+00,0.000000e+00,0.000000e+00,0.000000e+00,0.000000e+00,0.000000e+00,0.000000e+00,0.000000e+00,0.000000e+00,0.000000e+00,0.000000e+00,5.215311e-03,0.000000e+00,0.000000e+00,0.000000e+00,0.000000e+00,0.000000e+00,0.000000e+00,0.000000e+00,0.000000e+00,0.000000e+00,0.000000e+00,0.000000e+00,0.000000e+00,4.049082e-03,3.007610e-03,1.614370e-02,0.000000e+00,0.000000e+00,1.958971e-02
4.885014e-02,0.000000e+00,1.099037e-02,0.000000e+00,0.000000e+00,3.391407e-02,0.000000e+00,0.000000e+00,1.095243e-01,3.391407e-02,2.709974e-02,0.000000e+00,0.000000e+00,0.000000e+00,0.000000e+00,3.628228e-03,6.349398e-03,0.000000e+00,0.000000e+00,1.349053e-02,0.000000e+00,0.000000e+00,0.000000e+00,0.000000e+00,6.782813e-02,0.000000e+00,4.227918e-02,1.711305e-02,1.367466e-01,0.000000e+00,0.000000e+00,0.000000e+00,0.000000e+00,0.000000e+00,3.038511e-02,0.000000e+00,0.000000e+00,0.000000e+00,0.000000e+00,0.000000e+00,0.000000e+00,0.000000e+00,0.000000e+00,0.000000e+00,0.000000e+00,0.000000e+00,5.419948e-02,2.721171e-03,0.000000e+00,4.227918e-02,0.000000e+00,0.000000e+00,0.000000e+00,0.000000e+00,0.000000e+00,0.000000e+00,0.000000e+00,1.494697e-02,3.038511e-02,0.000000e+00,0.000000e+00,0.000000e+00,0.000000e+00,0.000000e+00,0.000000e+00,0.000000e+00,0.000000e+00,0.000000e+00,0.000000e+00,2.402648e-02,0.000000e+00,0.000000e+00,0.000000e+00,0.000000e+00,2.359307e-02,0.000000e+00,0.000000e+00,0.000000e+00,0.000000e+00,3.038511e-02,0.000000e+00,0.000000e+00,0.000000e+00,0.000000e+00,1.772403e-02,1.202135e-01,1.711305e-02,3.772562e-02,0.000000e+00,0.000000e+00,0.000000e+00,3.736744e-03,0.000000e+00,0.000000e+00,9.281520e-02,0.000000e+00,0.000000e+00,0.000000e+00,0.000000e+00,0.000000e+00,0.000000e+00,0.000000e+00,0.000000e+00,0.000000e+00,0.000000e+00,0.000000e+00,7.326911e-03,9.070569e-04,0.000000e+00,0.000000e+00,0.000000e+00,0.000000e+00,0.000000e+00,0.000000e+00,0.000000e+00,0.000000e+00,0.000000e+00,5.107664e-02,0.000000e+00,5.396210e-02,0.000000e+00,0.000000e+00,0.000000e+00,0.000000e+00,0.000000e+00,0.000000e+00,0.000000e+00,6.745263e-03,0.000000e+00,0.000000e+00,0.000000e+00,0.000000e+00,0.000000e+00,0.000000e+00,1.831728e-03,9.070569e-04,2.921241e-02,0.000000e+00,0.000000e+00,8.862013e-03
3.108645e-02,0.000000e+00,6.993869e-03,0.000000e+00,0.000000e+00,0.000000e+00,0.000000e+00,0.000000e+00,0.000000e+00,4.316336e-02,1.724529e-02,0.000000e+00,0.000000e+00,2.158168e-02,0.000000e+00,3.463308e-03,2.308872e-03,9.325936e-02,0.000000e+00,4.292440e-03,0.000000e+00,0.000000e+00,1.008199e-02,0.000000e+00,4.316336e-02,6.601613e-02,2.690493e-02,1.089012e-02,0.000000e+00,4.501167e-02,0.000000e+00,0.000000e+00,0.000000e+00,0.000000e+00,1.933598e-02,0.000000e+00,0.000000e+00,0.000000e+00,0.000000e+00,0.000000e+00,0.000000e+00,0.000000e+00,1.724529e-02,0.000000e+00,0.000000e+00,0.000000e+00,0.000000e+00,5.772180e-04,0.000000e+00,0.000000e+00,6.115830e-02,0.000000e+00,0.000000e+00,0.000000e+00,0.000000e+00,0.000000e+00,0.000000e+00,2.377928e-02,0.000000e+00,0.000000e+00,9.587087e-02,0.000000e+00,0.000000e+00,0.000000e+00,0.000000e+00,0.000000e+00,0.000000e+00,0.000000e+00,0.000000e+00,0.000000e+00,0.000000e+00,0.000000e+00,0.000000e+00,0.000000e+00,1.501377e-02,3.272485e-02,0.000000e+00,0.000000e+00,0.000000e+00,3.867196e-02,0.000000e+00,0.000000e+00,2.529690e-02,0.000000e+00,5.639463e-03,0.000000e+00,0.000000e+00,7.202164e-02,0.000000e+00,0.000000e+00,0.000000e+00,7.133783e-03,0.000000e+00,0.000000e+00,0.000000e+00,0.000000e+00,0.000000e+00,0.000000e+00,0.000000e+00,0.000000e+00,0.000000e+00,0.000000e+00,7.830296e-02,0.000000e+00,9.930742e-02,0.000000e+00,9.325159e-03,2.308872e-03,0.000000e+00,0.000000e+00,0.000000e+00,0.000000e+00,8.702059e-02,0.000000e+00,0.000000e+00,4.501167e-02,0.000000e+00,4.875497e-02,0.000000e+00,0.000000e+00,0.000000e+00,9.008264e-03,5.059380e-02,0.000000e+00,0.000000e+00,5.729850e-02,0.000000e+00,0.000000e+00,0.000000e+00,0.000000e+00,0.000000e+00,0.000000e+00,0.000000e+00,0.000000e+00,3.496935e-03,2.308872e-03,9.294857e-03,2.664392e-02,0.000000e+00,1.691839e-02
0.000000e+00,0.000000e+00,1.602762e-03,0.000000e+00,0.000000e+00,5.934961e-02,0.000000e+00,0.000000e+00,6.098511e-02,0.000000e+00,4.742454e-02,0.000000e+00,0.000000e+00,0.000000e+00,0.000000e+00,3.968374e-03,0.000000e+00,0.000000e+00,0.000000e+00,0.000000e+00,0.000000e+00,0.000000e+00,0.000000e+00,0.000000e+00,0.000000e+00,0.000000e+00,0.000000e+00,0.000000e+00,0.000000e+00,0.000000e+00,0.000000e+00,0.000000e+00,0.000000e+00,0.000000e+00,0.000000e+00,0.000000e+00,0.000000e+00,0.000000e+00,0.000000e+00,0.000000e+00,0.000000e+00,0.000000e+00,2.371227e-02,0.000000e+00,0.000000e+00,0.000000e+00,0.000000e+00,7.936748e-04,0.000000e+00,1.849714e-02,0.000000e+00,0.000000e+00,0.000000e+00,0.000000e+00,0.000000e+00,0.000000e+00,0.000000e+00,2.288755e-02,7.976093e-02,0.000000e+00,7.754262e-03,1.654288e-01,0.000000e+00,0.000000e+00,0.000000e+00,0.000000e+00,0.000000e+00,0.000000e+00,0.000000e+00,2.102317e-02,0.000000e+00,0.000000e+00,0.000000e+00,0.000000e+00,4.128788e-03,4.499667e-02,0.000000e+00,0.000000e+00,0.000000e+00,7.976093e-02,0.000000e+00,0.000000e+00,0.000000e+00,0.000000e+00,1.550852e-02,0.000000e+00,2.994783e-02,0.000000e+00,0.000000e+00,0.000000e+00,0.000000e+00,3.269651e-03,0.000000e+00,0.000000e+00,0.000000e+00,0.000000e+00,0.000000e+00,0.000000e+00,0.000000e+00,0.000000e+00,9.836892e-02,0.000000e+00,0.000000e+00,0.000000e+00,0.000000e+00,0.000000e+00,6.411047e-03,0.000000e+00,0.000000e+00,0.000000e+00,0.000000e+00,0.000000e+00,0.000000e+00,0.000000e+00,0.000000e+00,6.189105e-02,0.000000e+00,0.000000e+00,0.000000e+00,5.902105e-02,0.000000e+00,8.257575e-03,0.000000e+00,0.000000e+00,0.000000e+00,0.000000e+00,0.000000e+00,2.951052e-02,0.000000e+00,0.000000e+00,0.000000e+00,0.000000e+00,0.000000e+00,0.000000e+00,1.121933e-02,6.349398e-03,0.000000e+00,0.000000e+00,0.000000e+00,7.754262e-03
0.000000e+00,0.000000e+00,3.147241e-02,0.000000e+00,0.000000e+00,0.000000e+00,1.516097e-01,0.000000e+00,3.801669e-02,0.000000e+00,0.000000e+00,0.000000e+00,0.000000e+00,1.294901e-01,0.000000e+00,1.038992e-02,5.194962e-03,0.000000e+00,0.000000e+00,1.287732e-02,0.000000e+00,0.000000e+00,0.000000e+00,0.000000e+00,0.000000e+00,0.000000e+00,4.035740e-02,0.000000e+00,0.000000e+00,0.000000e+00,0.000000e+00,0.000000e+00,0.000000e+00,0.000000e+00,0.000000e+00,0.000000e+00,0.000000e+00,0.000000e+00,0.000000e+00,0.000000e+00,0.000000e+00,0.000000e+00,0.000000e+00,0.000000e+00,0.000000e+00,0.000000e+00,0.000000e+00,5.194962e-03,0.000000e+00,0.000000e+00,1.376062e-01,0.000000e+00,0.000000e+00,0.000000e+00,0.000000e+00,0.000000e+00,0.000000e+00,7.133783e-03,0.000000e+00,0.000000e+00,1.861023e-01,0.000000e+00,0.000000e+00,0.000000e+00,0.000000e+00,0.000000e+00,0.000000e+00,0.000000e+00,0.000000e+00,0.000000e+00,2.610618e-01,0.000000e+00,0.000000e+00,0.000000e+00,2.702479e-02,0.000000e+00,0.000000e+00,0.000000e+00,0.000000e+00,0.000000e+00,0.000000e+00,3.609356e-01,0.000000e+00,0.000000e+00,0.000000e+00,0.000000e+00,6.534073e-02,0.000000e+00,0.000000e+00,0.000000e+00,0.000000e+00,2.853513e-02,0.000000e+00,0.000000e+00,1.771927e-01,0.000000e+00,0.000000e+00,0.000000e+00,0.000000e+00,0.000000e+00,0.000000e+00,0.000000e+00,0.000000e+00,0.000000e+00,0.000000e+00,0.000000e+00,1.398774e-02,3.463308e-03,0.000000e+00,0.000000e+00,0.000000e+00,0.000000e+00,0.000000e+00,0.000000e+00,0.000000e+00,0.000000e+00,0.000000e+00,0.000000e+00,0.000000e+00,0.000000e+00,0.000000e+00,1.801653e-02,0.000000e+00,0.000000e+00,0.000000e+00,3.437910e-01,0.000000e+00,3.863196e-02,0.000000e+00,0.000000e+00,0.000000e+00,0.000000e+00,0.000000e+00,0.000000e+00,1.398774e-02,8.658270e-03,0.000000e+00,0.000000e+00,0.000000e+00,0.000000e+00
6.839020e-02,0.000000e+00,7.693256e-03,0.000000e+00,0.000000e+00,7.121954e-02,0.000000e+00,0.000000e+00,5.575781e-02,0.000000e+00,1.896982e-02,0.000000e+00,4.207472e-02,0.000000e+00,0.000000e+00,6.984338e-03,3.809639e-03,1.025853e-01,0.000000e+00,4.721684e-03,0.000000e+00,0.000000e+00,0.000000e+00,0.000000e+00,2.373985e-02,0.000000e+00,0.000000e+00,2.395827e-02,0.000000e+00,4.951284e-02,0.000000e+00,0.000000e+00,0.000000e+00,0.000000e+00,0.000000e+00,0.000000e+00,0.000000e+00,0.000000e+00,0.000000e+00,0.000000e+00,0.000000e+00,0.000000e+00,1.896982e-02,0.000000e+00,0.000000e+00,0.000000e+00,0.000000e+00,3.174699e-03,0.000000e+00,2.959543e-02,0.000000e+00,0.000000e+00,4.207472e-02,0.000000e+00,0.000000e+00,2.782659e-02,0.000000e+00,1.831004e-02,4.253916e-02,0.000000e+00,3.722046e-02,0.000000e+00,0.000000e+00,0.000000e+00,0.000000e+00,0.000000e+00,0.000000e+00,1.349588e-01,0.000000e+00,3.363707e-02,0.000000e+00,0.000000e+00,0.000000e+00,0.000000e+00,9.909090e-03,1.079920e-01,0.000000e+00,0.000000e+00,0.000000e+00,0.000000e+00,0.000000e+00,0.000000e+00,0.000000e+00,0.000000e+00,4.342387e-02,0.000000e+00,0.000000e+00,5.281587e-02,0.000000e+00,0.000000e+00,0.000000e+00,7.847162e-03,0.000000e+00,0.000000e+00,3.248532e-02,0.000000e+00,0.000000e+00,0.000000e+00,8.613325e-02,0.000000e+00,0.000000e+00,0.000000e+00,8.613325e-02,0.000000e+00,0.000000e+00,0.000000e+00,1.282209e-03,5.079519e-03,0.000000e+00,0.000000e+00,0.000000e+00,0.000000e+00,0.000000e+00,0.000000e+00,0.000000e+00,0.000000e+00,0.000000e+00,0.000000e+00,0.000000e+00,6.610357e-02,0.000000e+00,1.321212e-02,0.000000e+00,2.504720e-02,0.000000e+00,0.000000e+00,0.000000e+00,0.000000e+00,0.000000e+00,0.000000e+00,0.000000e+00,0.000000e+00,0.000000e+00,0.000000e+00,1.282209e-03,1.269880e-03,1.022434e-02,0.000000e+00,0.000000e+00,3.101705e-02
1.165742e-02,3.573629e-02,1.486197e-02,0.000000e+00,0.000000e+00,1.618626e-02,1.895121e-02,0.000000e+00,4.514482e-02,0.000000e+00,0.000000e+00,0.000000e+00,2.868731e-02,8.093129e-03,2.682789e-02,5.194962e-03,7.575987e-03,0.000000e+00,4.600868e-02,2.092564e-02,0.000000e+00,0.000000e+00,1.134224e-02,0.000000e+00,8.093129e-03,0.000000e+00,3.531272e-02,1.225139e-02,0.000000e+00,1.687938e-02,0.000000e+00,0.000000e+00,0.000000e+00,0.000000e+00,4.350596e-02,0.000000e+00,0.000000e+00,0.000000e+00,0.000000e+00,0.000000e+00,0.000000e+00,0.000000e+00,6.466983e-03,2.300434e-02,0.000000e+00,0.000000e+00,3.233492e-02,2.813938e-03,4.029698e-02,5.044675e-02,0.000000e+00,0.000000e+00,1.434366e-02,0.000000e+00,0.000000e+00,3.794535e-02,0.000000e+00,1.961790e-02,1.450199e-02,0.000000e+00,1.480359e-02,0.000000e+00,0.000000e+00,7.448056e-02,0.000000e+00,3.263272e-02,0.000000e+00,0.000000e+00,0.000000e+00,6.306950e-02,0.000000e+00,0.000000e+00,0.000000e+00,0.000000e+00,1.013430e-02,2.454364e-02,0.000000e+00,0.000000e+00,0.000000e+00,3.625497e-02,0.000000e+00,0.000000e+00,1.897267e-02,0.000000e+00,1.268879e-02,0.000000e+00,1.225139e-02,9.002705e-03,0.000000e+00,0.000000e+00,0.000000e+00,5.350337e-03,0.000000e+00,0.000000e+00,2.214908e-02,0.000000e+00,0.000000e+00,0.000000e+00,0.000000e+00,0.000000e+00,0.000000e+00,0.000000e+00,0.000000e+00,2.845901e-02,0.000000e+00,0.000000e+00,8.305220e-03,1.515197e-03,0.000000e+00,4.743169e-02,0.000000e+00,0.000000e+00,0.000000e+00,0.000000e+00,0.000000e+00,0.000000e+00,0.000000e+00,4.875497e-02,0.000000e+00,6.760593e-02,0.000000e+00,1.463843e-02,9.486337e-03,5.977173e-02,0.000000e+00,0.000000e+00,0.000000e+00,1.609665e-02,0.000000e+00,0.000000e+00,0.000000e+00,0.000000e+00,0.000000e+00,0.000000e+00,2.622701e-03,2.164568e-03,1.394228e-02,0.000000e+00,0.000000e+00,1.480359e-02
0.000000e+00,0.000000e+00,1.025767e-02,0.000000e+00,0.000000e+00,0.000000e+00,0.000000e+00,0.000000e+00,0.000000e+00,4.747969e-02,1.896982e-02,0.000000e+00,0.000000e+00,4.747969e-02,0.000000e+00,2.539759e-03,1.015904e-02,3.419510e-02,0.000000e+00,1.416505e-02,7.261775e-02,0.000000e+00,3.327058e-02,0.000000e+00,0.000000e+00,0.000000e+00,1.479771e-02,0.000000e+00,0.000000e+00,0.000000e+00,0.000000e+00,0.000000e+00,0.000000e+00,0.000000e+00,2.126958e-02,0.000000e+00,0.000000e+00,0.000000e+00,0.000000e+00,0.000000e+00,0.000000e+00,0.000000e+00,3.793964e-02,0.000000e+00,0.000000e+00,0.000000e+00,9.484909e-02,3.174699e-03,0.000000e+00,1.479771e-02,3.363707e-02,0.000000e+00,0.000000e+00,0.000000e+00,3.248532e-02,0.000000e+00,0.000000e+00,1.046288e-02,8.507832e-02,0.000000e+00,1.488818e-01,0.000000e+00,8.613325e-02,0.000000e+00,0.000000e+00,0.000000e+00,0.000000e+00,0.000000e+00,0.000000e+00,1.009112e-01,0.000000e+00,0.000000e+00,0.000000e+00,0.000000e+00,6.606060e-03,0.000000e+00,0.000000e+00,0.000000e+00,0.000000e+00,0.000000e+00,0.000000e+00,0.000000e+00,0.000000e+00,0.000000e+00,3.101705e-02,4.207472e-02,2.395827e-02,0.000000e+00,0.000000e+00,0.000000e+00,0.000000e+00,2.615721e-03,0.000000e+00,0.000000e+00,3.248532e-02,0.000000e+00,0.000000e+00,0.000000e+00,0.000000e+00,0.000000e+00,0.000000e+00,0.000000e+00,0.000000e+00,0.000000e+00,0.000000e+00,0.000000e+00,7.693256e-03,6.349398e-04,0.000000e+00,0.000000e+00,0.000000e+00,0.000000e+00,0.000000e+00,0.000000e+00,0.000000e+00,0.000000e+00,0.000000e+00,0.000000e+00,0.000000e+00,2.360842e-02,0.000000e+00,9.909090e-03,0.000000e+00,5.009441e-02,0.000000e+00,0.000000e+00,0.000000e+00,1.416505e-02,0.000000e+00,0.000000e+00,0.000000e+00,0.000000e+00,0.000000e+00,0.000000e+00,5.128837e-03,3.174699e-03,1.022434e-02,0.000000e+00,0.000000e+00,1.240682e-02
0.000000e+00,3.743802e-02,9.158638e-04,0.000000e+00,0.000000e+00,0.000000e+00,0.000000e+00,0.000000e+00,0.000000e+00,1.695703e-02,0.000000e+00,0.000000e+00,3.005337e-02,0.000000e+00,0.000000e+00,1.814114e-03,2.721171e-03,0.000000e+00,0.000000e+00,6.745263e-03,0.000000e+00,0.000000e+00,0.000000e+00,0.000000e+00,0.000000e+00,0.000000e+00,2.113959e-02,1.711305e-02,0.000000e+00,0.000000e+00,0.000000e+00,0.000000e+00,0.000000e+00,0.000000e+00,0.000000e+00,0.000000e+00,0.000000e+00,0.000000e+00,0.000000e+00,0.000000e+00,0.000000e+00,0.000000e+00,2.709974e-02,0.000000e+00,9.453076e-02,0.000000e+00,0.000000e+00,3.174699e-03,0.000000e+00,1.056979e-02,1.201324e-02,0.000000e+00,0.000000e+00,0.000000e+00,0.000000e+00,0.000000e+00,0.000000e+00,2.242046e-02,0.000000e+00,0.000000e+00,8.418913e-02,0.000000e+00,0.000000e+00,7.802726e-02,9.453076e-02,0.000000e+00,0.000000e+00,0.000000e+00,0.000000e+00,0.000000e+00,0.000000e+00,0.000000e+00,0.000000e+00,0.000000e+00,4.718614e-03,1.028495e-01,0.000000e+00,0.000000e+00,0.000000e+00,1.519256e-02,0.000000e+00,0.000000e+00,1.987614e-02,0.000000e+00,4.431007e-03,6.010675e-02,8.556524e-03,3.772562e-02,0.000000e+00,0.000000e+00,0.000000e+00,5.605115e-03,0.000000e+00,0.000000e+00,2.320380e-02,0.000000e+00,6.152375e-02,0.000000e+00,0.000000e+00,0.000000e+00,0.000000e+00,0.000000e+00,0.000000e+00,0.000000e+00,0.000000e+00,0.000000e+00,7.326911e-03,9.070569e-04,0.000000e+00,1.987614e-02,0.000000e+00,0.000000e+00,0.000000e+00,0.000000e+00,0.000000e+00,0.000000e+00,0.000000e+00,0.000000e+00,0.000000e+00,1.349053e-02,0.000000e+00,4.718614e-03,1.987614e-02,1.789086e-02,0.000000e+00,0.000000e+00,0.000000e+00,3.372631e-03,0.000000e+00,6.837332e-02,0.000000e+00,6.837332e-02,0.000000e+00,0.000000e+00,9.158638e-04,1.360585e-03,0.000000e+00,4.186902e-02,0.000000e+00,2.215503e-02
5.699183e-02,0.000000e+00,1.495911e-02,0.000000e+00,0.000000e+00,0.000000e+00,0.000000e+00,0.000000e+00,1.161621e-02,0.000000e+00,3.161636e-02,0.000000e+00,0.000000e+00,3.956641e-02,0.000000e+00,8.465864e-03,5.291165e-03,0.000000e+00,0.000000e+00,1.573895e-02,0.000000e+00,0.000000e+00,1.848365e-02,0.000000e+00,7.913282e-02,0.000000e+00,0.000000e+00,1.996522e-02,0.000000e+00,0.000000e+00,0.000000e+00,0.000000e+00,0.000000e+00,0.000000e+00,7.089860e-02,0.000000e+00,0.000000e+00,0.000000e+00,0.000000e+00,0.000000e+00,0.000000e+00,0.000000e+00,3.161636e-02,0.000000e+00,0.000000e+00,0.000000e+00,9.484909e-02,3.174699e-03,1.970075e-01,4.932571e-02,1.681853e-01,0.000000e+00,0.000000e+00,0.000000e+00,0.000000e+00,0.000000e+00,0.000000e+00,1.743814e-02,0.000000e+00,0.000000e+00,1.757633e-01,0.000000e+00,0.000000e+00,0.000000e+00,0.000000e+00,0.000000e+00,0.000000e+00,0.000000e+00,0.000000e+00,0.000000e+00,0.000000e+00,0.000000e+00,0.000000e+00,0.000000e+00,2.202020e-02,5.999556e-02,0.000000e+00,1.435554e-01,0.000000e+00,0.000000e+00,0.000000e+00,0.000000e+00,0.000000e+00,0.000000e+00,1.033902e-02,7.012454e-02,0.000000e+00,0.000000e+00,0.000000e+00,0.000000e+00,0.000000e+00,2.179767e-02,0.000000e+00,0.000000e+00,0.000000e+00,0.000000e+00,0.000000e+00,0.000000e+00,0.000000e+00,0.000000e+00,0.000000e+00,0.000000e+00,0.000000e+00,9.275530e-02,0.000000e+00,0.000000e+00,8.548062e-03,2.116466e-03,0.000000e+00,1.391329e-01,0.000000e+00,0.000000e+00,0.000000e+00,0.000000e+00,0.000000e+00,0.000000e+00,0.000000e+00,2.979471e-02,0.000000e+00,3.147789e-02,0.000000e+00,1.101010e-02,0.000000e+00,0.000000e+00,0.000000e+00,0.000000e+00,0.000000e+00,0.000000e+00,0.000000e+00,0.000000e+00,0.000000e+00,0.000000e+00,0.000000e+00,0.000000e+00,2.137016e-03,3.174699e-03,1.704057e-02,4.884719e-02,0.000000e+00,2.067803e-02
0.000000e+00,0.000000e+00,1.505202e-02,0.000000e+00,0.000000e+00,9.289505e-02,0.000000e+00,0.000000e+00,1.272733e-01,0.000000e+00,2.474324e-02,0.000000e+00,0.000000e+00,0.000000e+00,0.000000e+00,3.312730e-03,1.076637e-02,4.460230e-02,0.000000e+00,1.231744e-02,0.000000e+00,0.000000e+00,4.339640e-02,0.000000e+00,3.096502e-02,0.000000e+00,1.930136e-02,1.562496e-02,0.000000e+00,0.000000e+00,0.000000e+00,0.000000e+00,0.000000e+00,0.000000e+00,0.000000e+00,0.000000e+00,0.000000e+00,0.000000e+00,0.000000e+00,0.000000e+00,0.000000e+00,0.000000e+00,2.474324e-02,0.000000e+00,0.000000e+00,0.000000e+00,0.000000e+00,2.484547e-03,0.000000e+00,3.860273e-02,0.000000e+00,0.000000e+00,0.000000e+00,0.000000e+00,0.000000e+00,3.629555e-02,0.000000e+00,2.388267e-02,5.548586e-02,0.000000e+00,0.000000e+00,0.000000e+00,0.000000e+00,0.000000e+00,0.000000e+00,0.000000e+00,0.000000e+00,0.000000e+00,0.000000e+00,6.581165e-02,0.000000e+00,0.000000e+00,0.000000e+00,0.000000e+00,8.616600e-03,0.000000e+00,0.000000e+00,0.000000e+00,0.000000e+00,2.774293e-02,0.000000e+00,0.000000e+00,0.000000e+00,0.000000e+00,1.618281e-02,5.488007e-02,1.562496e-02,3.444513e-02,0.000000e+00,0.000000e+00,0.000000e+00,0.000000e+00,0.000000e+00,0.000000e+00,4.237216e-02,0.000000e+00,0.000000e+00,0.000000e+00,1.123477e-01,0.000000e+00,0.000000e+00,0.000000e+00,0.000000e+00,3.629555e-02,0.000000e+00,0.000000e+00,0.000000e+00,8.281824e-04,0.000000e+00,0.000000e+00,0.000000e+00,0.000000e+00,0.000000e+00,0.000000e+00,0.000000e+00,0.000000e+00,0.000000e+00,0.000000e+00,0.000000e+00,7.390462e-02,0.000000e+00,1.292490e-02,0.000000e+00,0.000000e+00,0.000000e+00,0.000000e+00,0.000000e+00,1.847615e-02,0.000000e+00,0.000000e+00,0.000000e+00,0.000000e+00,0.000000e+00,0.000000e+00,3.344894e-03,4.969094e-03,1.333610e-02,0.000000e+00,0.000000e+00,4.045702e-02
0.000000e+00,0.000000e+00,0.000000e+00,0.000000e+00,0.000000e+00,0.000000e+00,0.000000e+00,0.000000e+00,0.000000e+00,0.000000e+00,0.000000e+00,0.000000e+00,0.000000e+00,0.000000e+00,0.000000e+00,7.619278e-03,3.809639e-03,0.000000e+00,0.000000e+00,0.000000e+00,0.000000e+00,0.000000e+00,3.327058e-02,0.000000e+00,0.000000e+00,0.000000e+00,0.000000e+00,0.000000e+00,0.000000e+00,0.000000e+00,0.000000e+00,0.000000e+00,0.000000e+00,0.000000e+00,6.380874e-02,0.000000e+00,0.000000e+00,0.000000e+00,0.000000e+00,0.000000e+00,0.000000e+00,0.000000e+00,0.000000e+00,0.000000e+00,0.000000e+00,0.000000e+00,0.000000e+00,1.904819e-03,0.000000e+00,0.000000e+00,1.009112e-01,0.000000e+00,0.000000e+00,0.000000e+00,0.000000e+00,0.000000e+00,0.000000e+00,2.354148e-02,1.276175e-01,0.000000e+00,1.302716e-01,0.000000e+00,0.000000e+00,0.000000e+00,0.000000e+00,0.000000e+00,0.000000e+00,0.000000e+00,0.000000e+00,0.000000e+00,0.000000e+00,0.000000e+00,0.000000e+00,0.000000e+00,0.000000e+00,0.000000e+00,0.000000e+00,0.000000e+00,0.000000e+00,0.000000e+00,0.000000e+00,0.000000e+00,0.000000e+00,0.000000e+00,0.000000e+00,0.000000e+00,0.000000e+00,0.000000e+00,0.000000e+00,0.000000e+00,0.000000e+00,7.847162e-03,0.000000e+00,0.000000e+00,0.000000e+00,0.000000e+00,0.000000e+00,0.000000e+00,0.000000e+00,0.000000e+00,0.000000e+00,0.000000e+00,0.000000e+00,0.000000e+00,0.000000e+00,0.000000e+00,1.153988e-02,1.904819e-03,0.000000e+00,0.000000e+00,0.000000e+00,0.000000e+00,0.000000e+00,0.000000e+00,0.000000e+00,0.000000e+00,0.000000e+00,0.000000e+00,0.000000e+00,1.416505e-02,0.000000e+00,2.972727e-02,0.000000e+00,0.000000e+00,0.000000e+00,0.000000e+00,0.000000e+00,1.416505e-02,0.000000e+00,0.000000e+00,0.000000e+00,0.000000e+00,0.000000e+00,0.000000e+00,1.153988e-02,5.714458e-03,0.000000e+00,8.792495e-02,0.000000e+00,0.000000e+00
0.000000e+00,0.000000e+00,4.808285e-03,0.000000e+00,0.000000e+00,0.000000e+00,0.000000e+00,0.000000e+00,8.712158e-03,0.000000e+00,0.000000e+00,0.000000e+00,0.000000e+00,0.000000e+00,0.000000e+00,7.936748e-04,1.904819e-02,0.000000e+00,0.000000e+00,2.360842e-02,0.000000e+00,1.365477e-01,0.000000e+00,0.000000e+00,0.000000e+00,0.000000e+00,0.000000e+00,0.000000e+00,0.000000e+00,0.000000e+00,0.000000e+00,0.000000e+00,0.000000e+00,0.000000e+00,0.000000e+00,0.000000e+00,0.000000e+00,0.000000e+00,0.000000e+00,0.000000e+00,0.000000e+00,1.575709e-01,0.000000e+00,0.000000e+00,0.000000e+00,0.000000e+00,1.896982e-01,7.936748e-04,0.000000e+00,1.849714e-02,0.000000e+00,0.000000e+00,1.051868e-01,0.000000e+00,1.624266e-01,0.000000e+00,0.000000e+00,1.634825e-02,0.000000e+00,0.000000e+00,6.203409e-02,0.000000e+00,0.000000e+00,0.000000e+00,0.000000e+00,0.000000e+00,0.000000e+00,0.000000e+00,0.000000e+00,0.000000e+00,0.000000e+00,0.000000e+00,0.000000e+00,0.000000e+00,1.651515e-02,4.499667e-02,0.000000e+00,0.000000e+00,0.000000e+00,2.658698e-02,0.000000e+00,0.000000e+00,3.478324e-02,0.000000e+00,1.550852e-02,0.000000e+00,0.000000e+00,0.000000e+00,0.000000e+00,0.000000e+00,0.000000e+00,3.269651e-03,0.000000e+00,0.000000e+00,0.000000e+00,4.962865e-01,0.000000e+00,0.000000e+00,0.000000e+00,0.000000e+00,0.000000e+00,1.815444e-01,0.000000e+00,0.000000e+00,2.730954e-01,0.000000e+00,4.808285e-03,6.349398e-03,0.000000e+00,1.043497e-01,0.000000e+00,0.000000e+00,0.000000e+00,0.000000e+00,0.000000e+00,0.000000e+00,1.686985e-01,2.234603e-02,0.000000e+00,2.360842e-02,0.000000e+00,1.238636e-02,0.000000e+00,0.000000e+00,0.000000e+00,0.000000e+00,0.000000e+00,0.000000e+00,0.000000e+00,0.000000e+00,0.000000e+00,0.000000e+00,0.000000e+00,0.000000e+00,0.000000e+00,0.000000e+00,2.556086e-02,0.000000e+00,0.000000e+00,0.000000e+00
3.419510e-02,5.241322e-02,1.666872e-02,0.000000e+00,0.000000e+00,0.000000e+00,0.000000e+00,0.000000e+00,6.969727e-03,0.000000e+00,1.896982e-02,0.000000e+00,0.000000e+00,2.373985e-02,0.000000e+00,5.714458e-03,1.015904e-02,1.025853e-01,0.000000e+00,4.721684e-03,0.000000e+00,0.000000e+00,2.218038e-02,0.000000e+00,2.373985e-02,0.000000e+00,1.479771e-02,4.791653e-02,0.000000e+00,0.000000e+00,0.000000e+00,1.323431e-01,0.000000e+00,0.000000e+00,2.126958e-02,0.000000e+00,0.000000e+00,0.000000e+00,0.000000e+00,1.323431e-01,0.000000e+00,0.000000e+00,5.690945e-02,6.747939e-02,0.000000e+00,0.000000e+00,3.793964e-02,1.269880e-03,0.000000e+00,0.000000e+00,8.409267e-02,0.000000e+00,0.000000e+00,0.000000e+00,0.000000e+00,2.782659e-02,0.000000e+00,3.138865e-02,4.253916e-02,0.000000e+00,1.240682e-01,0.000000e+00,0.000000e+00,0.000000e+00,0.000000e+00,0.000000e+00,0.000000e+00,0.000000e+00,0.000000e+00,0.000000e+00,0.000000e+00,0.000000e+00,0.000000e+00,0.000000e+00,6.606060e-03,3.599734e-02,0.000000e+00,0.000000e+00,0.000000e+00,0.000000e+00,0.000000e+00,0.000000e+00,2.782659e-02,0.000000e+00,6.203409e-03,0.000000e+00,2.395827e-02,0.000000e+00,0.000000e+00,0.000000e+00,0.000000e+00,5.231441e-03,0.000000e+00,0.000000e+00,6.497064e-02,0.000000e+00,0.000000e+00,0.000000e+00,0.000000e+00,0.000000e+00,0.000000e+00,0.000000e+00,0.000000e+00,0.000000e+00,0.000000e+00,0.000000e+00,1.282209e-03,6.349398e-04,0.000000e+00,0.000000e+00,0.000000e+00,0.000000e+00,0.000000e+00,0.000000e+00,0.000000e+00,4.951284e-02,0.000000e+00,0.000000e+00,0.000000e+00,9.443368e-03,7.869513e-02,9.909090e-03,5.565318e-02,2.504720e-02,0.000000e+00,0.000000e+00,0.000000e+00,1.416505e-02,0.000000e+00,0.000000e+00,0.000000e+00,0.000000e+00,0.000000e+00,0.000000e+00,3.846628e-03,4.444579e-03,2.044868e-02,0.000000e+00,0.000000e+00,2.481364e-02
0.000000e+00,0.000000e+00,9.382020e-03,0.000000e+00,0.000000e+00,0.000000e+00,0.000000e+00,0.000000e+00,1.121956e-01,8.685309e-02,0.000000e+00,0.000000e+00,1.231455e-01,0.000000e+00,0.000000e+00,5.575081e-03,6.039672e-03,0.000000e+00,4.937516e-02,6.909781e-03,0.000000e+00,0.000000e+00,8.114774e-03,0.000000e+00,3.474124e-02,0.000000e+00,1.082759e-02,4.382610e-02,0.000000e+00,0.000000e+00,0.000000e+00,0.000000e+00,0.000000e+00,0.000000e+00,1.556311e-02,0.000000e+00,0.000000e+00,0.000000e+00,0.000000e+00,0.000000e+00,0.000000e+00,0.000000e+00,8.328213e-02,0.000000e+00,0.000000e+00,5.313494e-02,1.388035e-02,5.575081e-03,0.000000e+00,2.165519e-02,0.000000e+00,0.000000e+00,9.235915e-02,0.000000e+00,0.000000e+00,0.000000e+00,0.000000e+00,2.105336e-02,4.668932e-02,0.000000e+00,4.539080e-03,0.000000e+00,0.000000e+00,0.000000e+00,0.000000e+00,0.000000e+00,0.000000e+00,0.000000e+00,0.000000e+00,2.461249e-02,0.000000e+00,0.000000e+00,0.000000e+00,0.000000e+00,2.416851e-03,1.316976e-01,0.000000e+00,0.000000e+00,0.000000e+00,4.668932e-02,0.000000e+00,0.000000e+00,1.221655e-01,0.000000e+00,2.269540e-02,0.000000e+00,0.000000e+00,0.000000e+00,0.000000e+00,0.000000e+00,4.411703e-01,7.655767e-03,0.000000e+00,0.000000e+00,0.000000e+00,0.000000e+00,0.000000e+00,0.000000e+00,0.000000e+00,0.000000e+00,0.000000e+00,0.000000e+00,0.000000e+00,1.018046e-01,0.000000e+00,0.000000e+00,3.752808e-03,4.645901e-04,0.000000e+00,0.000000e+00,0.000000e+00,0.000000e+00,0.000000e+00,0.000000e+00,0.000000e+00,0.000000e+00,0.000000e+00,2.616121e-02,9.683639e-02,4.145869e-02,0.000000e+00,7.250554e-03,0.000000e+00,7.330889e-02,0.000000e+00,0.000000e+00,0.000000e+00,1.727445e-02,0.000000e+00,7.004097e-02,0.000000e+00,7.004097e-02,0.000000e+00,0.000000e+00,2.814606e-03,2.322951e-03,0.000000e+00,0.000000e+00,7.993036e-02,9.078160e-03
9.617371e-02,4.913740e-02,3.606214e-03,1.794800e-01,0.000000e+00,8.902442e-02,0.000000e+00,0.000000e+00,7.187531e-02,0.000000e+00,3.556841e-02,8.973999e-02,7.889011e-02,0.000000e+00,0.000000e+00,2.976280e-03,1.369089e-02,6.411581e-02,0.000000e+00,8.853157e-03,0.000000e+00,0.000000e+00,1.039705e-02,0.000000e+00,4.451221e-02,0.000000e+00,1.387286e-02,1.123044e-02,0.000000e+00,9.283658e-02,0.000000e+00,0.000000e+00,0.000000e+00,0.000000e+00,5.982069e-02,0.000000e+00,0.000000e+00,0.000000e+00,0.000000e+00,0.000000e+00,0.000000e+00,0.000000e+00,1.778420e-02,0.000000e+00,0.000000e+00,0.000000e+00,3.556841e-02,0.000000e+00,0.000000e+00,2.774571e-02,6.306950e-02,0.000000e+00,0.000000e+00,0.000000e+00,3.045499e-02,2.608743e-02,0.000000e+00,1.471343e-02,0.000000e+00,0.000000e+00,4.070987e-02,0.000000e+00,0.000000e+00,0.000000e+00,0.000000e+00,0.000000e+00,0.000000e+00,0.000000e+00,0.000000e+00,6.306950e-02,0.000000e+00,1.240716e-01,0.000000e+00,0.000000e+00,9.289772e-03,0.000000e+00,0.000000e+00,8.074992e-02,0.000000e+00,0.000000e+00,0.000000e+00,0.000000e+00,0.000000e+00,0.000000e+00,5.815696e-03,3.944505e-02,0.000000e+00,0.000000e+00,0.000000e+00,0.000000e+00,0.000000e+00,1.226119e-02,0.000000e+00,0.000000e+00,0.000000e+00,0.000000e+00,0.000000e+00,0.000000e+00,0.000000e+00,0.000000e+00,0.000000e+00,0.000000e+00,0.000000e+00,0.000000e+00,0.000000e+00,8.973999e-02,2.404143e-03,1.785768e-03,0.000000e+00,2.608743e-02,0.000000e+00,0.000000e+00,0.000000e+00,0.000000e+00,0.000000e+00,0.000000e+00,1.265239e-01,3.351904e-02,0.000000e+00,2.213289e-02,0.000000e+00,3.096591e-02,2.608743e-02,4.696351e-02,0.000000e+00,0.000000e+00,1.240716e-01,8.853157e-03,1.240716e-01,0.000000e+00,0.000000e+00,0.000000e+00,0.000000e+00,1.614998e-01,3.606214e-03,3.571537e-03,1.917064e-02,5.495309e-02,0.000000e+00,2.326278e-02
1.465504e-02,0.000000e+00,1.483699e-02,0.000000e+00,0.000000e+00,1.017422e-02,2.382438e-02,0.000000e+00,2.688323e-02,1.017422e-02,8.129922e-03,0.000000e+00,0.000000e+00,8.139376e-02,0.000000e+00,3.265405e-03,7.347161e-03,5.862017e-02,0.000000e+00,1.011789e-02,0.000000e+00,0.000000e+00,1.425882e-02,0.000000e+00,3.052266e-02,0.000000e+00,1.268375e-02,2.053566e-02,0.000000e+00,2.121979e-02,0.000000e+00,0.000000e+00,0.000000e+00,0.000000e+00,9.115534e-03,0.000000e+00,0.000000e+00,0.000000e+00,0.000000e+00,0.000000e+00,0.000000e+00,5.402430e-02,0.000000e+00,0.000000e+00,0.000000e+00,0.000000e+00,4.877953e-02,1.632702e-03,2.532953e-02,6.341877e-03,2.162383e-02,0.000000e+00,1.442562e-01,0.000000e+00,1.253005e-01,1.192568e-02,0.000000e+00,8.968185e-03,9.115534e-03,1.640960e-01,1.249544e-01,0.000000e+00,0.000000e+00,0.000000e+00,0.000000e+00,0.000000e+00,0.000000e+00,0.000000e+00,0.000000e+00,0.000000e+00,0.000000e+00,0.000000e+00,0.000000e+00,0.000000e+00,7.077922e-03,1.542743e-02,0.000000e+00,0.000000e+00,0.000000e+00,0.000000e+00,0.000000e+00,0.000000e+00,0.000000e+00,1.134369e-01,1.063442e-02,0.000000e+00,0.000000e+00,4.527075e-02,0.000000e+00,0.000000e+00,0.000000e+00,2.914660e-02,0.000000e+00,0.000000e+00,0.000000e+00,0.000000e+00,0.000000e+00,0.000000e+00,0.000000e+00,0.000000e+00,0.000000e+00,0.000000e+00,0.000000e+00,1.192568e-02,0.000000e+00,0.000000e+00,1.318844e-02,2.721171e-04,0.000000e+00,3.577704e-02,0.000000e+00,0.000000e+00,0.000000e+00,0.000000e+00,0.000000e+00,0.000000e+00,2.891974e-02,8.427645e-02,0.000000e+00,2.023579e-03,0.000000e+00,1.415584e-02,0.000000e+00,0.000000e+00,0.000000e+00,2.701215e-02,0.000000e+00,4.047158e-03,0.000000e+00,0.000000e+00,3.372649e-02,0.000000e+00,0.000000e+00,1.476570e-01,4.396146e-03,4.081756e-03,1.314558e-02,2.260927e-01,4.681635e-02,3.190325e-02
2.564632e-02,0.000000e+00,1.057823e-02,0.000000e+00,0.000000e+00,7.121954e-02,0.000000e+00,0.000000e+00,1.097732e-01,3.560977e-02,4.268209e-02,0.000000e+00,3.155604e-02,0.000000e+00,5.902135e-02,5.714458e-03,5.714458e-03,2.564632e-02,0.000000e+00,3.541263e-03,0.000000e+00,0.000000e+00,8.317644e-03,0.000000e+00,3.560977e-02,0.000000e+00,1.109828e-02,8.984350e-03,0.000000e+00,0.000000e+00,0.000000e+00,0.000000e+00,0.000000e+00,0.000000e+00,3.190437e-02,0.000000e+00,0.000000e+00,0.000000e+00,0.000000e+00,0.000000e+00,0.000000e+00,0.000000e+00,1.422736e-02,0.000000e+00,0.000000e+00,5.446331e-02,4.268209e-02,1.428615e-03,0.000000e+00,4.439314e-02,1.261390e-02,0.000000e+00,3.155604e-02,0.000000e+00,0.000000e+00,2.086994e-02,0.000000e+00,1.961790e-02,0.000000e+00,0.000000e+00,4.652557e-03,0.000000e+00,0.000000e+00,0.000000e+00,0.000000e+00,0.000000e+00,0.000000e+00,0.000000e+00,0.000000e+00,3.784170e-02,0.000000e+00,0.000000e+00,0.000000e+00,0.000000e+00,2.477273e-03,0.000000e+00,7.179199e-02,0.000000e+00,0.000000e+00,1.595219e-02,0.000000e+00,0.000000e+00,2.086994e-02,0.000000e+00,0.000000e+00,3.155604e-02,1.796870e-02,1.980595e-02,0.000000e+00,0.000000e+00,0.000000e+00,7.847162e-03,0.000000e+00,0.000000e+00,0.000000e+00,0.000000e+00,0.000000e+00,0.000000e+00,6.459994e-02,0.000000e+00,0.000000e+00,0.000000e+00,0.000000e+00,2.086994e-02,0.000000e+00,0.000000e+00,3.846628e-03,4.762049e-04,0.000000e+00,0.000000e+00,0.000000e+00,0.000000e+00,0.000000e+00,0.000000e+00,0.000000e+00,3.713463e-02,0.000000e+00,2.681524e-02,0.000000e+00,2.124758e-02,5.902135e-02,1.486364e-02,0.000000e+00,3.757080e-02,0.000000e+00,0.000000e+00,0.000000e+00,1.416505e-02,0.000000e+00,0.000000e+00,0.000000e+00,0.000000e+00,0.000000e+00,0.000000e+00,1.923314e-03,2.857229e-03,7.668257e-03,0.000000e+00,0.000000e+00,0.000000e+00
0.000000e+00,0.000000e+00,3.140105e-03,0.000000e+00,0.000000e+00,4.360380e-02,0.000000e+00,0.000000e+00,5.547333e-02,1.453460e-02,0.000000e+00,0.000000e+00,0.000000e+00,1.453460e-02,0.000000e+00,4.664864e-03,5.053603e-03,0.000000e+00,0.000000e+00,1.156331e-02,0.000000e+00,0.000000e+00,2.036974e-02,8.102637e-02,4.360380e-02,0.000000e+00,3.623930e-02,1.466833e-02,0.000000e+00,0.000000e+00,0.000000e+00,0.000000e+00,0.000000e+00,0.000000e+00,2.604438e-02,0.000000e+00,0.000000e+00,0.000000e+00,0.000000e+00,0.000000e+00,0.000000e+00,0.000000e+00,2.322835e-02,0.000000e+00,0.000000e+00,0.000000e+00,0.000000e+00,3.887387e-03,0.000000e+00,1.811965e-02,1.029706e-02,0.000000e+00,2.576003e-02,0.000000e+00,0.000000e+00,5.111006e-02,0.000000e+00,1.601462e-02,6.511096e-02,0.000000e+00,1.519202e-02,0.000000e+00,0.000000e+00,0.000000e+00,0.000000e+00,0.000000e+00,0.000000e+00,4.131391e-02,0.000000e+00,2.059412e-02,0.000000e+00,0.000000e+00,0.000000e+00,0.000000e+00,2.022263e-03,6.611756e-02,0.000000e+00,0.000000e+00,0.000000e+00,6.511096e-02,0.000000e+00,0.000000e+00,1.703669e-02,0.000000e+00,1.899003e-02,0.000000e+00,0.000000e+00,1.616812e-02,0.000000e+00,0.000000e+00,5.273464e-02,4.804385e-03,0.000000e+00,3.858878e-02,0.000000e+00,0.000000e+00,0.000000e+00,0.000000e+00,0.000000e+00,0.000000e+00,0.000000e+00,0.000000e+00,5.273464e-02,0.000000e+00,0.000000e+00,0.000000e+00,2.355078e-03,1.943693e-03,0.000000e+00,3.407338e-02,0.000000e+00,0.000000e+00,0.000000e+00,0.000000e+00,0.000000e+00,1.515699e-01,0.000000e+00,0.000000e+00,0.000000e+00,4.625323e-02,0.000000e+00,4.044527e-03,5.111006e-02,4.600507e-02,0.000000e+00,0.000000e+00,0.000000e+00,1.156331e-02,0.000000e+00,0.000000e+00,0.000000e+00,0.000000e+00,0.000000e+00,0.000000e+00,4.710157e-03,4.276125e-03,1.251960e-02,0.000000e+00,0.000000e+00,4.177806e-02
0.000000e+00,1.048264e-01,1.538651e-02,0.000000e+00,0.000000e+00,9.495938e-02,0.000000e+00,0.000000e+00,1.672734e-01,0.000000e+00,3.793964e-02,0.000000e+00,8.414945e-02,0.000000e+00,0.000000e+00,3.809639e-03,6.349398e-03,0.000000e+00,0.000000e+00,9.443368e-03,0.000000e+00,0.000000e+00,2.218038e-02,0.000000e+00,0.000000e+00,0.000000e+00,0.000000e+00,0.000000e+00,0.000000e+00,0.000000e+00,0.000000e+00,0.000000e+00,0.000000e+00,0.000000e+00,0.000000e+00,0.000000e+00,0.000000e+00,0.000000e+00,0.000000e+00,0.000000e+00,0.000000e+00,0.000000e+00,0.000000e+00,0.000000e+00,0.000000e+00,0.000000e+00,3.793964e-02,1.269880e-03,0.000000e+00,0.000000e+00,0.000000e+00,0.000000e+00,0.000000e+00,0.000000e+00,6.497064e-02,0.000000e+00,0.000000e+00,2.615721e-02,0.000000e+00,0.000000e+00,1.240682e-02,0.000000e+00,0.000000e+00,0.000000e+00,0.000000e+00,0.000000e+00,0.000000e+00,1.349588e-01,0.000000e+00,3.363707e-02,0.000000e+00,0.000000e+00,0.000000e+00,0.000000e+00,3.303030e-02,0.000000e+00,0.000000e+00,0.000000e+00,0.000000e+00,0.000000e+00,0.000000e+00,0.000000e+00,0.000000e+00,0.000000e+00,1.240682e-02,0.000000e+00,0.000000e+00,0.000000e+00,0.000000e+00,0.000000e+00,0.000000e+00,0.000000e+00,0.000000e+00,0.000000e+00,0.000000e+00,0.000000e+00,0.000000e+00,0.000000e+00,0.000000e+00,0.000000e+00,0.000000e+00,0.000000e+00,0.000000e+00,0.000000e+00,0.000000e+00,0.000000e+00,1.282209e-02,1.269880e-03,0.000000e+00,5.565318e-02,0.000000e+00,0.000000e+00,0.000000e+00,0.000000e+00,0.000000e+00,0.000000e+00,0.000000e+00,0.000000e+00,0.000000e+00,2.833010e-02,0.000000e+00,4.624242e-02,1.113064e-01,1.001888e-01,0.000000e+00,0.000000e+00,0.000000e+00,0.000000e+00,0.000000e+00,0.000000e+00,0.000000e+00,0.000000e+00,0.000000e+00,0.000000e+00,5.128837e-03,1.269880e-03,4.089737e-02,0.000000e+00,0.000000e+00,0.000000e+00
9.770028e-02,0.000000e+00,1.465382e-02,0.000000e+00,0.000000e+00,0.000000e+00,0.000000e+00,0.000000e+00,9.956752e-03,3.391407e-02,2.709974e-02,0.000000e+00,0.000000e+00,0.000000e+00,0.000000e+00,5.442341e-03,1.269880e-02,9.770028e-02,0.000000e+00,2.023579e-02,0.000000e+00,0.000000e+00,1.584313e-02,0.000000e+00,0.000000e+00,2.074793e-01,2.113959e-02,0.000000e+00,0.000000e+00,7.073263e-02,1.890615e-01,0.000000e+00,0.000000e+00,0.000000e+00,0.000000e+00,0.000000e+00,0.000000e+00,0.000000e+00,0.000000e+00,0.000000e+00,0.000000e+00,0.000000e+00,0.000000e+00,0.000000e+00,0.000000e+00,0.000000e+00,1.083990e-01,4.535285e-03,0.000000e+00,0.000000e+00,1.681853e-01,0.000000e+00,6.010675e-02,0.000000e+00,0.000000e+00,3.975227e-02,0.000000e+00,1.494697e-02,3.038511e-02,0.000000e+00,1.595162e-01,0.000000e+00,0.000000e+00,0.000000e+00,0.000000e+00,0.000000e+00,0.000000e+00,0.000000e+00,0.000000e+00,0.000000e+00,0.000000e+00,0.000000e+00,0.000000e+00,0.000000e+00,9.437229e-03,0.000000e+00,0.000000e+00,0.000000e+00,0.000000e+00,1.215405e-01,0.000000e+00,0.000000e+00,0.000000e+00,0.000000e+00,2.658604e-02,0.000000e+00,1.711305e-02,0.000000e+00,0.000000e+00,0.000000e+00,0.000000e+00,7.473487e-03,0.000000e+00,0.000000e+00,9.281520e-02,0.000000e+00,0.000000e+00,0.000000e+00,0.000000e+00,0.000000e+00,0.000000e+00,0.000000e+00,0.000000e+00,0.000000e+00,0.000000e+00,0.000000e+00,5.495183e-03,9.070569e-04,0.000000e+00,3.975227e-02,0.000000e+00,0.000000e+00,0.000000e+00,0.000000e+00,0.000000e+00,0.000000e+00,9.639913e-02,2.553832e-02,0.000000e+00,3.372631e-02,0.000000e+00,1.887446e-02,7.950454e-02,0.000000e+00,0.000000e+00,0.000000e+00,0.000000e+00,0.000000e+00,0.000000e+00,0.000000e+00,0.000000e+00,0.000000e+00,0.000000e+00,0.000000e+00,5.495183e-03,3.628228e-03,1.460620e-02,8.373804e-02,0.000000e+00,0.000000e+00
0.000000e+00,0.000000e+00,5.917889e-03,0.000000e+00,0.000000e+00,0.000000e+00,0.000000e+00,0.000000e+00,3.216797e-02,0.000000e+00,0.000000e+00,0.000000e+00,9.709552e-02,5.478426e-02,0.000000e+00,2.930492e-03,2.930492e-03,0.000000e+00,7.786084e-02,1.634429e-02,0.000000e+00,0.000000e+00,3.838913e-02,0.000000e+00,2.739213e-02,0.000000e+00,5.122285e-02,1.382208e-02,0.000000e+00,0.000000e+00,0.000000e+00,0.000000e+00,0.000000e+00,0.000000e+00,0.000000e+00,0.000000e+00,0.000000e+00,0.000000e+00,0.000000e+00,0.000000e+00,0.000000e+00,0.000000e+00,2.188825e-02,0.000000e+00,0.000000e+00,0.000000e+00,2.188825e-02,3.663114e-03,0.000000e+00,1.707428e-02,0.000000e+00,0.000000e+00,0.000000e+00,0.000000e+00,0.000000e+00,0.000000e+00,0.000000e+00,1.509070e-02,0.000000e+00,0.000000e+00,7.157780e-03,0.000000e+00,0.000000e+00,0.000000e+00,0.000000e+00,0.000000e+00,0.000000e+00,0.000000e+00,1.260440e-01,3.881200e-02,0.000000e+00,0.000000e+00,0.000000e+00,0.000000e+00,3.811189e-03,1.246062e-01,0.000000e+00,0.000000e+00,0.000000e+00,0.000000e+00,0.000000e+00,0.000000e+00,0.000000e+00,0.000000e+00,1.431556e-02,0.000000e+00,2.764415e-02,0.000000e+00,0.000000e+00,0.000000e+00,0.000000e+00,1.207256e-02,0.000000e+00,0.000000e+00,0.000000e+00,0.000000e+00,0.000000e+00,0.000000e+00,0.000000e+00,0.000000e+00,0.000000e+00,0.000000e+00,0.000000e+00,0.000000e+00,0.000000e+00,1.104492e-01,5.917889e-03,7.326229e-04,0.000000e+00,0.000000e+00,0.000000e+00,0.000000e+00,0.000000e+00,0.000000e+00,0.000000e+00,5.713020e-02,0.000000e+00,4.125421e-02,0.000000e+00,4.358477e-02,0.000000e+00,7.622377e-03,0.000000e+00,2.890062e-02,0.000000e+00,0.000000e+00,0.000000e+00,1.089619e-02,0.000000e+00,0.000000e+00,0.000000e+00,0.000000e+00,0.000000e+00,0.000000e+00,2.958945e-03,5.128360e-03,1.179732e-02,0.000000e+00,0.000000e+00,2.147334e-02
0.000000e+00,0.000000e+00,3.846628e-03,0.000000e+00,0.000000e+00,0.000000e+00,0.000000e+00,0.000000e+00,1.463643e-01,0.000000e+00,0.000000e+00,0.000000e+00,0.000000e+00,0.000000e+00,0.000000e+00,1.904819e-03,9.524097e-04,0.000000e+00,0.000000e+00,7.082526e-03,0.000000e+00,0.000000e+00,1.663529e-02,0.000000e+00,0.000000e+00,0.000000e+00,4.439314e-02,5.390610e-02,0.000000e+00,0.000000e+00,0.000000e+00,0.000000e+00,0.000000e+00,0.000000e+00,0.000000e+00,0.000000e+00,0.000000e+00,0.000000e+00,0.000000e+00,0.000000e+00,0.000000e+00,0.000000e+00,0.000000e+00,0.000000e+00,0.000000e+00,1.089266e-01,0.000000e+00,7.619278e-03,0.000000e+00,2.219657e-02,0.000000e+00,0.000000e+00,0.000000e+00,0.000000e+00,0.000000e+00,0.000000e+00,0.000000e+00,2.746507e-02,3.190437e-02,0.000000e+00,0.000000e+00,0.000000e+00,0.000000e+00,0.000000e+00,0.000000e+00,0.000000e+00,0.000000e+00,1.012191e-01,0.000000e+00,0.000000e+00,0.000000e+00,0.000000e+00,0.000000e+00,0.000000e+00,0.000000e+00,0.000000e+00,0.000000e+00,0.000000e+00,0.000000e+00,0.000000e+00,0.000000e+00,0.000000e+00,0.000000e+00,0.000000e+00,1.861023e-02,6.311209e-02,0.000000e+00,0.000000e+00,0.000000e+00,0.000000e+00,0.000000e+00,7.847162e-03,0.000000e+00,9.454252e-02,0.000000e+00,0.000000e+00,0.000000e+00,0.000000e+00,1.291999e-01,0.000000e+00,0.000000e+00,0.000000e+00,0.000000e+00,4.173988e-02,0.000000e+00,0.000000e+00,0.000000e+00,2.857229e-03,0.000000e+00,0.000000e+00,0.000000e+00,0.000000e+00,0.000000e+00,0.000000e+00,0.000000e+00,0.000000e+00,0.000000e+00,0.000000e+00,0.000000e+00,5.666021e-02,0.000000e+00,9.909090e-03,0.000000e+00,3.757080e-02,0.000000e+00,0.000000e+00,0.000000e+00,7.082526e-03,0.000000e+00,0.000000e+00,0.000000e+00,0.000000e+00,0.000000e+00,0.000000e+00,1.923314e-03,2.857229e-03,0.000000e+00,0.000000e+00,0.000000e+00,4.652557e-02
0.000000e+00,0.000000e+00,4.615954e-03,0.000000e+00,0.000000e+00,2.848782e-02,0.000000e+00,0.000000e+00,1.003641e-01,0.000000e+00,2.276378e-02,0.000000e+00,0.000000e+00,0.000000e+00,0.000000e+00,3.047711e-03,4.571567e-03,0.000000e+00,8.097527e-02,5.666021e-03,0.000000e+00,0.000000e+00,1.330823e-02,0.000000e+00,0.000000e+00,0.000000e+00,3.551451e-02,0.000000e+00,0.000000e+00,0.000000e+00,0.000000e+00,0.000000e+00,0.000000e+00,1.310858e-01,0.000000e+00,0.000000e+00,0.000000e+00,0.000000e+00,0.000000e+00,0.000000e+00,0.000000e+00,0.000000e+00,4.552756e-02,0.000000e+00,0.000000e+00,0.000000e+00,3.414567e-01,2.285783e-03,0.000000e+00,1.775726e-02,0.000000e+00,0.000000e+00,0.000000e+00,0.000000e+00,0.000000e+00,0.000000e+00,0.000000e+00,1.569432e-02,7.657049e-02,0.000000e+00,0.000000e+00,0.000000e+00,1.033599e-01,0.000000e+00,0.000000e+00,0.000000e+00,0.000000e+00,8.097527e-02,0.000000e+00,4.036448e-02,0.000000e+00,0.000000e+00,0.000000e+00,0.000000e+00,1.189091e-02,0.000000e+00,0.000000e+00,0.000000e+00,0.000000e+00,0.000000e+00,0.000000e+00,0.000000e+00,0.000000e+00,0.000000e+00,1.488818e-02,5.048967e-02,0.000000e+00,0.000000e+00,1.588117e-01,0.000000e+00,0.000000e+00,0.000000e+00,0.000000e+00,0.000000e+00,7.796477e-02,0.000000e+00,0.000000e+00,0.000000e+00,0.000000e+00,0.000000e+00,0.000000e+00,0.000000e+00,0.000000e+00,6.678382e-02,0.000000e+00,0.000000e+00,1.077056e-02,7.619278e-04,0.000000e+00,0.000000e+00,0.000000e+00,0.000000e+00,0.000000e+00,0.000000e+00,0.000000e+00,0.000000e+00,0.000000e+00,2.145219e-02,0.000000e+00,5.666021e-03,0.000000e+00,0.000000e+00,3.339191e-02,0.000000e+00,0.000000e+00,0.000000e+00,0.000000e+00,5.666021e-03,0.000000e+00,0.000000e+00,0.000000e+00,0.000000e+00,0.000000e+00,0.000000e+00,4.615954e-03,3.047711e-03,1.226921e-02,0.000000e+00,0.000000e+00,7.444091e-03
0.000000e+00,0.000000e+00,5.017341e-03,0.000000e+00,0.000000e+00,6.193003e-02,0.000000e+00,0.000000e+00,2.727284e-02,0.000000e+00,2.474324e-02,0.000000e+00,0.000000e+00,0.000000e+00,0.000000e+00,4.969094e-03,5.797277e-03,0.000000e+00,8.801660e-02,6.158718e-03,1.894376e-01,0.000000e+00,1.446547e-02,0.000000e+00,0.000000e+00,0.000000e+00,0.000000e+00,1.562496e-02,0.000000e+00,0.000000e+00,0.000000e+00,0.000000e+00,0.000000e+00,0.000000e+00,2.774293e-02,0.000000e+00,0.000000e+00,0.000000e+00,0.000000e+00,0.000000e+00,0.000000e+00,0.000000e+00,0.000000e+00,0.000000e+00,0.000000e+00,0.000000e+00,9.897296e-02,1.656365e-03,0.000000e+00,1.930136e-02,0.000000e+00,0.000000e+00,5.488007e-02,0.000000e+00,0.000000e+00,1.088867e-01,0.000000e+00,3.411809e-02,0.000000e+00,0.000000e+00,0.000000e+00,0.000000e+00,0.000000e+00,0.000000e+00,0.000000e+00,0.000000e+00,0.000000e+00,3.520664e-01,0.000000e+00,4.387444e-02,0.000000e+00,0.000000e+00,0.000000e+00,0.000000e+00,1.292490e-02,4.695305e-02,0.000000e+00,0.000000e+00,0.000000e+00,0.000000e+00,0.000000e+00,0.000000e+00,0.000000e+00,0.000000e+00,1.618281e-02,1.646402e-01,3.124991e-02,3.444513e-02,0.000000e+00,0.000000e+00,3.370432e-01,1.023543e-02,0.000000e+00,0.000000e+00,0.000000e+00,0.000000e+00,1.123477e-01,0.000000e+00,0.000000e+00,0.000000e+00,0.000000e+00,0.000000e+00,0.000000e+00,0.000000e+00,0.000000e+00,0.000000e+00,1.170713e-02,1.656365e-03,0.000000e+00,0.000000e+00,0.000000e+00,0.000000e+00,0.000000e+00,0.000000e+00,0.000000e+00,0.000000e+00,0.000000e+00,0.000000e+00,0.000000e+00,3.079359e-02,0.000000e+00,1.292490e-02,3.629555e-02,0.000000e+00,0.000000e+00,0.000000e+00,0.000000e+00,4.311103e-02,0.000000e+00,0.000000e+00,0.000000e+00,0.000000e+00,0.000000e+00,0.000000e+00,1.672447e-03,1.656365e-03,1.333610e-02,0.000000e+00,0.000000e+00,1.618281e-02
0.000000e+00,0.000000e+00,5.656806e-03,0.000000e+00,0.000000e+00,4.189385e-02,0.000000e+00,0.000000e+00,1.229952e-02,1.047346e-02,3.347615e-02,0.000000e+00,1.856238e-02,2.094692e-02,0.000000e+00,4.762049e-03,4.762049e-03,3.017215e-02,0.000000e+00,6.249288e-03,0.000000e+00,0.000000e+00,1.957093e-02,0.000000e+00,2.094692e-02,0.000000e+00,3.917042e-02,2.113965e-02,0.000000e+00,2.184390e-02,0.000000e+00,0.000000e+00,0.000000e+00,4.819330e-02,1.876728e-02,0.000000e+00,0.000000e+00,0.000000e+00,0.000000e+00,0.000000e+00,0.000000e+00,0.000000e+00,1.673807e-02,0.000000e+00,0.000000e+00,0.000000e+00,5.858326e-02,3.081326e-03,0.000000e+00,1.958521e-02,3.709971e-02,0.000000e+00,0.000000e+00,0.000000e+00,0.000000e+00,2.455287e-02,0.000000e+00,1.730992e-02,0.000000e+00,4.223058e-02,7.115675e-02,0.000000e+00,0.000000e+00,0.000000e+00,0.000000e+00,4.223058e-02,0.000000e+00,0.000000e+00,0.000000e+00,3.709971e-02,0.000000e+00,0.000000e+00,0.000000e+00,3.471844e-02,8.743315e-03,6.352472e-02,0.000000e+00,0.000000e+00,0.000000e+00,1.876728e-02,0.000000e+00,0.000000e+00,0.000000e+00,0.000000e+00,2.736798e-03,0.000000e+00,3.170947e-02,3.495168e-02,0.000000e+00,0.000000e+00,0.000000e+00,3.461983e-03,0.000000e+00,0.000000e+00,1.433176e-02,0.000000e+00,0.000000e+00,0.000000e+00,0.000000e+00,0.000000e+00,0.000000e+00,0.000000e+00,0.000000e+00,2.455287e-02,0.000000e+00,0.000000e+00,5.091125e-03,1.960844e-03,0.000000e+00,0.000000e+00,0.000000e+00,0.000000e+00,0.000000e+00,0.000000e+00,0.000000e+00,2.184390e-02,0.000000e+00,3.943417e-02,0.000000e+00,1.874786e-02,0.000000e+00,2.914438e-03,0.000000e+00,2.210047e-02,0.000000e+00,0.000000e+00,0.000000e+00,1.874786e-02,0.000000e+00,0.000000e+00,0.000000e+00,0.000000e+00,0.000000e+00,0.000000e+00,2.262722e-03,2.801205e-03,9.021478e-03,0.000000e+00,0.000000e+00,1.915759e-02
0.000000e+00,1.672762e-02,1.391334e-02,3.054978e-02,0.000000e+00,0.000000e+00,1.774156e-02,0.000000e+00,0.000000e+00,1.515309e-02,1.816259e-02,0.000000e+00,2.685621e-02,1.515309e-02,2.511547e-02,4.052807e-03,8.713536e-03,2.182666e-02,0.000000e+00,1.657612e-02,0.000000e+00,0.000000e+00,3.539423e-03,0.000000e+00,1.515309e-02,2.317588e-02,4.722674e-03,0.000000e+00,0.000000e+00,0.000000e+00,0.000000e+00,0.000000e+00,0.000000e+00,0.000000e+00,1.357633e-02,0.000000e+00,0.000000e+00,0.000000e+00,0.000000e+00,0.000000e+00,0.000000e+00,0.000000e+00,3.027099e-02,6.460793e-02,0.000000e+00,0.000000e+00,6.659617e-02,2.229044e-03,3.772484e-02,9.445349e-03,6.441141e-02,0.000000e+00,0.000000e+00,0.000000e+00,1.036766e-02,8.880827e-03,0.000000e+00,1.168726e-02,2.715266e-02,0.000000e+00,1.227483e-01,0.000000e+00,0.000000e+00,0.000000e+00,0.000000e+00,0.000000e+00,0.000000e+00,0.000000e+00,0.000000e+00,5.367617e-03,3.054978e-02,0.000000e+00,0.000000e+00,2.511547e-02,6.324951e-03,0.000000e+00,0.000000e+00,0.000000e+00,0.000000e+00,0.000000e+00,0.000000e+00,0.000000e+00,5.328496e-02,0.000000e+00,3.959623e-03,0.000000e+00,1.529251e-02,0.000000e+00,0.000000e+00,0.000000e+00,2.748934e-02,5.008827e-03,0.000000e+00,0.000000e+00,2.073531e-02,0.000000e+00,2.748934e-02,0.000000e+00,0.000000e+00,0.000000e+00,7.534640e-02,9.270351e-02,0.000000e+00,3.552331e-02,0.000000e+00,0.000000e+00,8.593531e-03,1.013202e-03,0.000000e+00,2.664248e-02,0.000000e+00,0.000000e+00,0.000000e+00,4.223715e-02,0.000000e+00,0.000000e+00,0.000000e+00,2.852685e-02,0.000000e+00,1.506920e-03,2.511547e-02,4.216634e-03,8.880827e-03,0.000000e+00,0.000000e+00,4.023086e-02,0.000000e+00,1.808304e-02,0.000000e+00,3.054978e-02,0.000000e+00,0.000000e+00,0.000000e+00,2.748934e-02,2.864510e-03,2.229044e-03,3.263088e-03,1.870744e-02,0.000000e+00,1.583849e-02
4.460230e-02,3.418254e-02,1.003468e-02,0.000000e+00,0.000000e+00,6.193003e-02,0.000000e+00,0.000000e+00,7.272758e-02,1.548251e-02,2.474324e-02,0.000000e+00,0.000000e+00,1.548251e-02,0.000000e+00,1.242274e-03,6.625459e-03,6.690345e-02,4.400830e-02,9.238077e-03,4.735940e-02,0.000000e+00,0.000000e+00,0.000000e+00,3.096502e-02,4.735940e-02,3.860273e-02,0.000000e+00,0.000000e+00,3.229098e-02,0.000000e+00,0.000000e+00,0.000000e+00,0.000000e+00,1.387147e-02,0.000000e+00,0.000000e+00,0.000000e+00,0.000000e+00,0.000000e+00,0.000000e+00,0.000000e+00,3.711486e-02,0.000000e+00,0.000000e+00,0.000000e+00,2.474324e-02,4.969094e-03,7.708988e-02,9.650682e-03,0.000000e+00,0.000000e+00,0.000000e+00,0.000000e+00,2.118608e-02,5.444333e-02,0.000000e+00,1.194133e-02,1.387147e-02,0.000000e+00,8.091403e-03,0.000000e+00,0.000000e+00,0.000000e+00,0.000000e+00,0.000000e+00,0.000000e+00,0.000000e+00,0.000000e+00,6.581165e-02,0.000000e+00,0.000000e+00,0.000000e+00,0.000000e+00,4.308300e-03,0.000000e+00,0.000000e+00,0.000000e+00,0.000000e+00,4.161440e-02,0.000000e+00,0.000000e+00,1.814778e-02,0.000000e+00,1.618281e-02,0.000000e+00,2.343743e-02,1.722257e-02,0.000000e+00,0.000000e+00,0.000000e+00,5.117714e-03,0.000000e+00,0.000000e+00,0.000000e+00,0.000000e+00,0.000000e+00,0.000000e+00,0.000000e+00,0.000000e+00,0.000000e+00,0.000000e+00,0.000000e+00,1.814778e-02,0.000000e+00,0.000000e+00,5.017341e-03,2.898638e-03,0.000000e+00,0.000000e+00,0.000000e+00,0.000000e+00,0.000000e+00,0.000000e+00,0.000000e+00,0.000000e+00,0.000000e+00,1.165880e-02,0.000000e+00,4.311103e-02,0.000000e+00,1.077075e-02,1.814778e-02,6.534053e-02,0.000000e+00,0.000000e+00,0.000000e+00,1.539680e-02,0.000000e+00,0.000000e+00,0.000000e+00,0.000000e+00,0.000000e+00,0.000000e+00,0.000000e+00,1.656365e-03,6.668049e-03,0.000000e+00,0.000000e+00,4.045702e-03
0.000000e+00,0.000000e+00,3.297110e-03,0.000000e+00,0.000000e+00,0.000000e+00,0.000000e+00,0.000000e+00,5.974051e-03,2.034844e-02,0.000000e+00,0.000000e+00,0.000000e+00,0.000000e+00,0.000000e+00,2.721171e-03,7.075044e-03,0.000000e+00,0.000000e+00,1.214147e-02,0.000000e+00,0.000000e+00,0.000000e+00,0.000000e+00,0.000000e+00,0.000000e+00,1.268375e-02,4.107131e-02,0.000000e+00,0.000000e+00,0.000000e+00,0.000000e+00,0.000000e+00,0.000000e+00,1.823107e-02,0.000000e+00,0.000000e+00,0.000000e+00,0.000000e+00,0.000000e+00,0.000000e+00,0.000000e+00,0.000000e+00,0.000000e+00,0.000000e+00,0.000000e+00,0.000000e+00,1.632702e-03,0.000000e+00,0.000000e+00,5.766354e-02,0.000000e+00,0.000000e+00,0.000000e+00,0.000000e+00,4.770273e-02,0.000000e+00,2.690455e-02,0.000000e+00,0.000000e+00,1.754679e-01,0.000000e+00,0.000000e+00,0.000000e+00,0.000000e+00,0.000000e+00,0.000000e+00,0.000000e+00,0.000000e+00,0.000000e+00,0.000000e+00,0.000000e+00,0.000000e+00,0.000000e+00,0.000000e+00,0.000000e+00,0.000000e+00,0.000000e+00,0.000000e+00,3.646214e-02,0.000000e+00,0.000000e+00,0.000000e+00,0.000000e+00,5.317208e-03,0.000000e+00,3.080349e-02,0.000000e+00,0.000000e+00,0.000000e+00,0.000000e+00,0.000000e+00,0.000000e+00,1.080486e-01,0.000000e+00,0.000000e+00,0.000000e+00,0.000000e+00,0.000000e+00,0.000000e+00,0.000000e+00,0.000000e+00,0.000000e+00,4.770273e-02,0.000000e+00,0.000000e+00,7.693256e-03,5.442341e-04,0.000000e+00,0.000000e+00,0.000000e+00,0.000000e+00,0.000000e+00,0.000000e+00,8.204799e-02,0.000000e+00,0.000000e+00,0.000000e+00,0.000000e+00,8.094315e-03,6.745297e-02,1.981818e-02,0.000000e+00,0.000000e+00,0.000000e+00,5.402430e-02,0.000000e+00,1.618863e-02,0.000000e+00,0.000000e+00,0.000000e+00,0.000000e+00,0.000000e+00,0.000000e+00,5.495183e-03,2.721171e-03,0.000000e+00,2.512141e-02,0.000000e+00,2.126883e-02
3.578557e-02,0.000000e+00,2.057499e-02,0.000000e+00,0.000000e+00,8.281342e-03,1.939194e-02,0.000000e+00,4.376340e-02,4.968805e-02,1.985213e-02,6.678325e-02,1.467723e-02,5.796939e-02,5.490358e-02,6.644719e-03,1.904819e-02,2.385704e-02,0.000000e+00,2.800068e-02,0.000000e+00,0.000000e+00,1.547469e-02,0.000000e+00,0.000000e+00,0.000000e+00,1.032399e-02,1.253630e-02,0.000000e+00,0.000000e+00,0.000000e+00,0.000000e+00,0.000000e+00,0.000000e+00,2.225886e-02,4.616619e-02,0.000000e+00,0.000000e+00,4.616619e-02,0.000000e+00,0.000000e+00,0.000000e+00,2.646951e-02,0.000000e+00,0.000000e+00,2.533177e-02,1.985213e-01,3.765341e-03,0.000000e+00,2.580996e-02,4.693544e-02,0.000000e+00,4.403169e-02,0.000000e+00,7.932462e-02,1.941390e-02,0.000000e+00,1.642429e-02,8.161583e-02,0.000000e+00,1.233469e-01,0.000000e+00,9.013945e-02,0.000000e+00,0.000000e+00,0.000000e+00,0.000000e+00,0.000000e+00,0.000000e+00,3.520158e-02,0.000000e+00,0.000000e+00,0.000000e+00,2.745179e-02,1.958774e-02,3.767163e-02,0.000000e+00,0.000000e+00,0.000000e+00,7.419621e-02,0.000000e+00,0.000000e+00,2.912085e-02,0.000000e+00,2.380378e-02,0.000000e+00,4.178767e-03,1.842414e-02,0.000000e+00,0.000000e+00,0.000000e+00,5.474764e-03,0.000000e+00,0.000000e+00,1.133209e-02,0.000000e+00,0.000000e+00,0.000000e+00,0.000000e+00,0.000000e+00,1.098072e-01,0.000000e+00,0.000000e+00,5.824170e-02,0.000000e+00,0.000000e+00,6.709235e-03,7.973663e-03,0.000000e+00,2.912085e-02,0.000000e+00,4.616619e-02,6.678325e-02,0.000000e+00,0.000000e+00,1.727192e-02,7.061797e-02,1.870830e-02,0.000000e+00,4.282457e-02,0.000000e+00,1.613108e-02,1.941390e-02,8.737396e-02,0.000000e+00,0.000000e+00,0.000000e+00,1.317679e-02,0.000000e+00,0.000000e+00,0.000000e+00,3.339162e-02,0.000000e+00,3.004648e-02,3.130976e-03,3.986832e-03,1.069989e-02,2.044766e-02,0.000000e+00,4.111562e-02
0.000000e+00,0.000000e+00,1.131361e-02,0.000000e+00,0.000000e+00,4.189385e-02,0.000000e+00,0.000000e+00,1.106957e-01,0.000000e+00,3.347615e-02,0.000000e+00,7.424951e-02,0.000000e+00,0.000000e+00,2.240964e-03,1.232530e-02,0.000000e+00,0.000000e+00,0.000000e+00,0.000000e+00,0.000000e+00,3.914185e-02,0.000000e+00,0.000000e+00,0.000000e+00,0.000000e+00,4.227929e-02,0.000000e+00,0.000000e+00,0.000000e+00,0.000000e+00,0.000000e+00,0.000000e+00,7.506911e-02,0.000000e+00,0.000000e+00,0.000000e+00,0.000000e+00,0.000000e+00,0.000000e+00,0.000000e+00,0.000000e+00,0.000000e+00,0.000000e+00,0.000000e+00,0.000000e+00,3.361446e-03,0.000000e+00,2.611361e-02,0.000000e+00,0.000000e+00,0.000000e+00,0.000000e+00,0.000000e+00,0.000000e+00,0.000000e+00,4.154380e-02,0.000000e+00,0.000000e+00,0.000000e+00,0.000000e+00,0.000000e+00,0.000000e+00,0.000000e+00,0.000000e+00,0.000000e+00,0.000000e+00,0.000000e+00,0.000000e+00,0.000000e+00,0.000000e+00,0.000000e+00,0.000000e+00,1.165775e-02,0.000000e+00,0.000000e+00,0.000000e+00,0.000000e+00,0.000000e+00,0.000000e+00,0.000000e+00,4.910575e-02,0.000000e+00,4.378877e-02,0.000000e+00,2.113965e-02,4.660224e-02,0.000000e+00,0.000000e+00,0.000000e+00,2.307989e-02,0.000000e+00,0.000000e+00,0.000000e+00,0.000000e+00,0.000000e+00,0.000000e+00,0.000000e+00,0.000000e+00,0.000000e+00,0.000000e+00,0.000000e+00,4.910575e-02,0.000000e+00,0.000000e+00,2.262722e-03,2.240964e-03,0.000000e+00,0.000000e+00,0.000000e+00,0.000000e+00,0.000000e+00,0.000000e+00,0.000000e+00,0.000000e+00,0.000000e+00,3.154734e-02,0.000000e+00,4.166192e-02,0.000000e+00,5.828877e-03,4.910575e-02,8.840189e-02,0.000000e+00,0.000000e+00,0.000000e+00,8.332383e-03,0.000000e+00,0.000000e+00,0.000000e+00,0.000000e+00,0.000000e+00,0.000000e+00,6.788167e-03,3.361446e-03,1.804296e-02,0.000000e+00,0.000000e+00,3.284158e-02
0.000000e+00,0.000000e+00,3.722543e-03,0.000000e+00,0.000000e+00,0.000000e+00,0.000000e+00,0.000000e+00,0.000000e+00,2.297404e-02,3.671578e-02,0.000000e+00,0.000000e+00,2.297404e-02,0.000000e+00,1.228916e-03,3.072290e-03,0.000000e+00,0.000000e+00,4.569372e-03,0.000000e+00,0.000000e+00,1.073244e-02,0.000000e+00,0.000000e+00,0.000000e+00,2.864073e-02,1.159271e-02,0.000000e+00,0.000000e+00,0.000000e+00,0.000000e+00,0.000000e+00,0.000000e+00,0.000000e+00,0.000000e+00,0.000000e+00,0.000000e+00,0.000000e+00,0.000000e+00,0.000000e+00,0.000000e+00,1.835789e-02,0.000000e+00,0.000000e+00,0.000000e+00,1.835789e-01,3.072290e-03,1.143914e-01,0.000000e+00,0.000000e+00,0.000000e+00,0.000000e+00,0.000000e+00,0.000000e+00,0.000000e+00,0.000000e+00,1.771940e-02,6.175039e-02,0.000000e+00,1.560858e-01,0.000000e+00,0.000000e+00,0.000000e+00,0.000000e+00,0.000000e+00,0.000000e+00,0.000000e+00,0.000000e+00,1.627600e-02,0.000000e+00,0.000000e+00,0.000000e+00,0.000000e+00,1.917888e-02,0.000000e+00,0.000000e+00,0.000000e+00,0.000000e+00,4.116693e-02,0.000000e+00,0.000000e+00,0.000000e+00,0.000000e+00,1.200660e-02,0.000000e+00,0.000000e+00,2.555607e-02,0.000000e+00,0.000000e+00,0.000000e+00,5.062685e-03,0.000000e+00,1.219903e-01,0.000000e+00,0.000000e+00,0.000000e+00,0.000000e+00,0.000000e+00,0.000000e+00,0.000000e+00,0.000000e+00,0.000000e+00,0.000000e+00,0.000000e+00,0.000000e+00,8.685934e-03,1.228916e-03,0.000000e+00,2.692896e-02,0.000000e+00,0.000000e+00,0.000000e+00,0.000000e+00,0.000000e+00,0.000000e+00,0.000000e+00,1.730015e-02,0.000000e+00,0.000000e+00,7.615658e-02,6.392961e-03,5.385792e-02,0.000000e+00,0.000000e+00,0.000000e+00,0.000000e+00,4.569372e-03,0.000000e+00,0.000000e+00,0.000000e+00,0.000000e+00,0.000000e+00,0.000000e+00,2.481696e-03,3.686747e-03,1.978905e-02,2.836289e-02,0.000000e+00,1.800990e-02
2.699613e-02,0.000000e+00,5.061353e-03,0.000000e+00,0.000000e+00,1.499359e-01,0.000000e+00,0.000000e+00,1.650725e-02,0.000000e+00,0.000000e+00,0.000000e+00,0.000000e+00,0.000000e+00,0.000000e+00,5.513951e-03,1.503805e-03,2.699613e-02,0.000000e+00,7.455290e-03,0.000000e+00,0.000000e+00,1.751083e-02,0.000000e+00,0.000000e+00,0.000000e+00,0.000000e+00,9.457211e-03,0.000000e+00,0.000000e+00,0.000000e+00,0.000000e+00,0.000000e+00,0.000000e+00,0.000000e+00,0.000000e+00,0.000000e+00,0.000000e+00,0.000000e+00,0.000000e+00,0.000000e+00,0.000000e+00,1.497617e-02,0.000000e+00,0.000000e+00,0.000000e+00,2.995234e-02,2.506341e-03,4.665967e-02,1.168240e-02,2.655558e-02,0.000000e+00,0.000000e+00,0.000000e+00,0.000000e+00,0.000000e+00,0.000000e+00,1.652034e-02,0.000000e+00,0.000000e+00,6.856400e-02,0.000000e+00,0.000000e+00,0.000000e+00,0.000000e+00,0.000000e+00,0.000000e+00,0.000000e+00,0.000000e+00,3.983337e-02,0.000000e+00,0.000000e+00,0.000000e+00,0.000000e+00,5.215311e-03,0.000000e+00,0.000000e+00,0.000000e+00,0.000000e+00,1.679177e-02,0.000000e+00,0.000000e+00,0.000000e+00,0.000000e+00,9.794857e-03,3.321689e-02,4.728605e-02,0.000000e+00,0.000000e+00,0.000000e+00,0.000000e+00,1.032521e-02,0.000000e+00,0.000000e+00,0.000000e+00,0.000000e+00,0.000000e+00,0.000000e+00,0.000000e+00,0.000000e+00,0.000000e+00,0.000000e+00,0.000000e+00,0.000000e+00,0.000000e+00,0.000000e+00,3.036812e-03,1.002537e-03,0.000000e+00,2.196836e-02,0.000000e+00,0.000000e+00,0.000000e+00,0.000000e+00,0.000000e+00,3.908909e-02,0.000000e+00,0.000000e+00,0.000000e+00,1.863823e-02,0.000000e+00,5.215311e-03,0.000000e+00,0.000000e+00,0.000000e+00,0.000000e+00,0.000000e+00,1.863823e-02,0.000000e+00,0.000000e+00,0.000000e+00,0.000000e+00,0.000000e+00,0.000000e+00,9.110435e-03,5.012683e-03,0.000000e+00,0.000000e+00,0.000000e+00,1.469229e-02
2.385704e-02,3.656736e-02,8.945647e-03,0.000000e+00,0.000000e+00,8.281342e-02,0.000000e+00,0.000000e+00,5.835120e-02,0.000000e+00,0.000000e+00,0.000000e+00,0.000000e+00,0.000000e+00,0.000000e+00,6.644719e-03,1.063155e-02,4.771409e-02,0.000000e+00,9.882594e-03,0.000000e+00,0.000000e+00,1.547469e-02,0.000000e+00,1.656268e-02,0.000000e+00,0.000000e+00,5.850274e-02,6.678325e-02,3.454384e-02,0.000000e+00,0.000000e+00,0.000000e+00,0.000000e+00,1.483924e-02,0.000000e+00,0.000000e+00,0.000000e+00,0.000000e+00,0.000000e+00,0.000000e+00,0.000000e+00,5.293903e-02,0.000000e+00,0.000000e+00,0.000000e+00,3.970427e-02,8.859626e-04,0.000000e+00,2.064797e-02,0.000000e+00,0.000000e+00,0.000000e+00,0.000000e+00,0.000000e+00,0.000000e+00,0.000000e+00,3.102366e-02,2.967848e-02,0.000000e+00,4.327960e-03,0.000000e+00,0.000000e+00,0.000000e+00,0.000000e+00,0.000000e+00,0.000000e+00,0.000000e+00,0.000000e+00,7.040316e-02,0.000000e+00,0.000000e+00,0.000000e+00,0.000000e+00,0.000000e+00,0.000000e+00,0.000000e+00,0.000000e+00,0.000000e+00,2.967848e-02,0.000000e+00,0.000000e+00,1.941390e-02,0.000000e+00,8.655920e-03,0.000000e+00,8.357535e-03,0.000000e+00,0.000000e+00,0.000000e+00,0.000000e+00,5.474764e-03,0.000000e+00,0.000000e+00,0.000000e+00,0.000000e+00,0.000000e+00,0.000000e+00,0.000000e+00,0.000000e+00,0.000000e+00,0.000000e+00,0.000000e+00,0.000000e+00,0.000000e+00,0.000000e+00,4.472823e-03,2.657888e-03,0.000000e+00,0.000000e+00,0.000000e+00,0.000000e+00,0.000000e+00,0.000000e+00,6.678325e-02,0.000000e+00,0.000000e+00,2.494441e-02,0.000000e+00,6.917816e-02,0.000000e+00,4.608879e-03,1.941390e-02,3.494959e-02,0.000000e+00,0.000000e+00,0.000000e+00,9.882594e-03,0.000000e+00,0.000000e+00,0.000000e+00,0.000000e+00,0.000000e+00,0.000000e+00,3.578259e-03,4.872794e-03,0.000000e+00,0.000000e+00,0.000000e+00,1.731184e-02
0.000000e+00,0.000000e+00,4.808285e-03,0.000000e+00,0.000000e+00,0.000000e+00,2.084634e-01,0.000000e+00,1.306824e-02,0.000000e+00,7.113682e-02,0.000000e+00,0.000000e+00,0.000000e+00,0.000000e+00,5.952561e-03,5.952561e-03,0.000000e+00,0.000000e+00,8.853157e-03,1.361583e-01,0.000000e+00,0.000000e+00,0.000000e+00,0.000000e+00,0.000000e+00,8.323714e-02,2.246088e-02,0.000000e+00,0.000000e+00,0.000000e+00,0.000000e+00,0.000000e+00,0.000000e+00,0.000000e+00,0.000000e+00,0.000000e+00,0.000000e+00,0.000000e+00,0.000000e+00,0.000000e+00,1.181781e-01,0.000000e+00,0.000000e+00,0.000000e+00,0.000000e+00,0.000000e+00,2.381024e-03,0.000000e+00,0.000000e+00,0.000000e+00,0.000000e+00,0.000000e+00,0.000000e+00,1.218200e-01,0.000000e+00,0.000000e+00,1.471343e-02,0.000000e+00,0.000000e+00,1.861023e-01,0.000000e+00,0.000000e+00,0.000000e+00,0.000000e+00,0.000000e+00,0.000000e+00,0.000000e+00,0.000000e+00,6.306950e-02,0.000000e+00,0.000000e+00,0.000000e+00,0.000000e+00,6.193181e-03,0.000000e+00,0.000000e+00,0.000000e+00,0.000000e+00,0.000000e+00,0.000000e+00,0.000000e+00,5.217486e-02,0.000000e+00,0.000000e+00,0.000000e+00,2.246088e-02,4.951488e-02,0.000000e+00,0.000000e+00,0.000000e+00,9.808952e-03,0.000000e+00,0.000000e+00,6.090998e-02,0.000000e+00,0.000000e+00,0.000000e+00,0.000000e+00,0.000000e+00,0.000000e+00,0.000000e+00,0.000000e+00,0.000000e+00,0.000000e+00,0.000000e+00,7.212428e-03,1.190512e-03,0.000000e+00,0.000000e+00,0.000000e+00,0.000000e+00,0.000000e+00,0.000000e+00,0.000000e+00,0.000000e+00,0.000000e+00,6.703809e-02,0.000000e+00,8.853157e-03,0.000000e+00,6.193181e-03,0.000000e+00,0.000000e+00,0.000000e+00,0.000000e+00,0.000000e+00,8.853157e-03,0.000000e+00,0.000000e+00,0.000000e+00,0.000000e+00,0.000000e+00,0.000000e+00,2.404143e-03,2.381024e-03,3.834128e-02,0.000000e+00,0.000000e+00,0.000000e+00
4.274387e-02,0.000000e+00,9.616570e-03,0.000000e+00,0.000000e+00,8.902442e-02,0.000000e+00,0.000000e+00,1.132581e-01,5.934961e-02,1.185614e-01,0.000000e+00,1.577802e-01,0.000000e+00,9.836892e-02,5.555724e-03,9.524097e-03,0.000000e+00,0.000000e+00,2.360842e-02,9.077219e-02,0.000000e+00,1.386274e-02,0.000000e+00,0.000000e+00,0.000000e+00,1.849714e-02,1.497392e-02,0.000000e+00,0.000000e+00,0.000000e+00,0.000000e+00,1.654288e-01,0.000000e+00,0.000000e+00,0.000000e+00,0.000000e+00,0.000000e+00,0.000000e+00,0.000000e+00,0.000000e+00,7.878543e-02,2.371227e-02,8.434924e-02,0.000000e+00,0.000000e+00,0.000000e+00,4.762049e-03,0.000000e+00,9.248571e-02,4.204633e-02,0.000000e+00,5.259340e-02,0.000000e+00,8.121330e-02,3.478324e-02,0.000000e+00,0.000000e+00,2.658698e-02,0.000000e+00,4.652557e-02,0.000000e+00,0.000000e+00,0.000000e+00,0.000000e+00,0.000000e+00,0.000000e+00,0.000000e+00,0.000000e+00,6.306950e-02,0.000000e+00,0.000000e+00,0.000000e+00,0.000000e+00,1.238636e-02,0.000000e+00,0.000000e+00,0.000000e+00,0.000000e+00,5.317395e-02,0.000000e+00,0.000000e+00,1.391329e-01,0.000000e+00,0.000000e+00,0.000000e+00,1.497392e-02,0.000000e+00,0.000000e+00,0.000000e+00,0.000000e+00,3.269651e-03,0.000000e+00,0.000000e+00,0.000000e+00,0.000000e+00,0.000000e+00,0.000000e+00,0.000000e+00,0.000000e+00,0.000000e+00,9.077219e-02,0.000000e+00,1.739162e-01,0.000000e+00,0.000000e+00,8.013809e-03,3.174699e-03,0.000000e+00,1.739162e-01,0.000000e+00,0.000000e+00,0.000000e+00,0.000000e+00,0.000000e+00,0.000000e+00,0.000000e+00,0.000000e+00,0.000000e+00,3.541263e-02,0.000000e+00,2.064394e-02,0.000000e+00,6.261801e-02,0.000000e+00,0.000000e+00,0.000000e+00,3.541263e-02,0.000000e+00,0.000000e+00,0.000000e+00,0.000000e+00,0.000000e+00,0.000000e+00,1.602762e-03,7.936748e-04,0.000000e+00,0.000000e+00,0.000000e+00,2.326278e-02
0.000000e+00,4.913740e-02,2.043521e-02,0.000000e+00,1.240716e-01,1.112805e-01,0.000000e+00,0.000000e+00,5.880707e-02,2.225611e-02,0.000000e+00,0.000000e+00,0.000000e+00,4.451221e-02,0.000000e+00,4.166793e-03,1.726243e-02,0.000000e+00,6.326193e-02,8.853157e-03,0.000000e+00,0.000000e+00,1.039705e-02,0.000000e+00,4.451221e-02,0.000000e+00,1.387286e-02,3.369131e-02,0.000000e+00,0.000000e+00,0.000000e+00,0.000000e+00,0.000000e+00,0.000000e+00,0.000000e+00,0.000000e+00,0.000000e+00,0.000000e+00,0.000000e+00,0.000000e+00,0.000000e+00,0.000000e+00,3.556841e-02,0.000000e+00,0.000000e+00,0.000000e+00,0.000000e+00,2.381024e-03,1.108167e-01,0.000000e+00,9.460425e-02,0.000000e+00,7.889011e-02,0.000000e+00,1.218200e-01,0.000000e+00,0.000000e+00,1.716567e-02,3.988046e-02,0.000000e+00,4.652557e-02,0.000000e+00,1.614998e-01,0.000000e+00,0.000000e+00,0.000000e+00,0.000000e+00,0.000000e+00,0.000000e+00,7.883688e-02,0.000000e+00,0.000000e+00,0.000000e+00,7.377669e-02,9.289772e-03,0.000000e+00,0.000000e+00,0.000000e+00,0.000000e+00,0.000000e+00,0.000000e+00,0.000000e+00,2.608743e-02,0.000000e+00,2.326278e-02,0.000000e+00,5.615219e-02,2.475744e-02,0.000000e+00,0.000000e+00,0.000000e+00,9.808952e-03,0.000000e+00,0.000000e+00,0.000000e+00,0.000000e+00,0.000000e+00,0.000000e+00,0.000000e+00,0.000000e+00,0.000000e+00,6.807914e-02,0.000000e+00,2.608743e-02,0.000000e+00,0.000000e+00,1.562693e-02,2.976280e-03,0.000000e+00,2.608743e-02,0.000000e+00,0.000000e+00,0.000000e+00,0.000000e+00,0.000000e+00,0.000000e+00,0.000000e+00,0.000000e+00,0.000000e+00,5.311894e-02,0.000000e+00,6.193181e-03,2.608743e-02,7.044526e-02,0.000000e+00,0.000000e+00,0.000000e+00,3.983921e-02,0.000000e+00,0.000000e+00,0.000000e+00,0.000000e+00,0.000000e+00,0.000000e+00,1.202071e-03,5.357305e-03,1.917064e-02,5.495309e-02,0.000000e+00,1.163139e-02
0.000000e+00,0.000000e+00,1.538651e-02,0.000000e+00,0.000000e+00,0.000000e+00,0.000000e+00,0.000000e+00,8.363672e-02,4.747969e-02,3.793964e-02,0.000000e+00,0.000000e+00,1.424391e-01,0.000000e+00,8.889158e-03,1.269880e-02,6.839020e-02,0.000000e+00,2.833010e-02,0.000000e+00,0.000000e+00,4.436077e-02,0.000000e+00,0.000000e+00,2.904710e-01,2.959543e-02,0.000000e+00,0.000000e+00,0.000000e+00,0.000000e+00,0.000000e+00,0.000000e+00,0.000000e+00,0.000000e+00,0.000000e+00,0.000000e+00,0.000000e+00,0.000000e+00,0.000000e+00,0.000000e+00,0.000000e+00,0.000000e+00,0.000000e+00,0.000000e+00,0.000000e+00,0.000000e+00,2.539759e-03,0.000000e+00,0.000000e+00,6.727413e-02,0.000000e+00,0.000000e+00,0.000000e+00,1.299413e-01,0.000000e+00,0.000000e+00,0.000000e+00,4.253916e-02,0.000000e+00,1.861023e-01,0.000000e+00,0.000000e+00,0.000000e+00,0.000000e+00,0.000000e+00,0.000000e+00,0.000000e+00,0.000000e+00,0.000000e+00,0.000000e+00,0.000000e+00,0.000000e+00,0.000000e+00,1.321212e-02,0.000000e+00,1.914453e-01,1.722665e-01,0.000000e+00,8.507832e-02,2.646861e-01,0.000000e+00,1.669595e-01,0.000000e+00,0.000000e+00,0.000000e+00,2.395827e-02,0.000000e+00,0.000000e+00,0.000000e+00,0.000000e+00,4.708297e-02,0.000000e+00,0.000000e+00,0.000000e+00,0.000000e+00,0.000000e+00,0.000000e+00,0.000000e+00,0.000000e+00,0.000000e+00,0.000000e+00,0.000000e+00,5.565318e-02,0.000000e+00,0.000000e+00,1.795093e-02,5.079519e-03,0.000000e+00,1.113064e-01,0.000000e+00,0.000000e+00,0.000000e+00,0.000000e+00,0.000000e+00,0.000000e+00,0.000000e+00,7.150729e-02,0.000000e+00,4.721684e-02,0.000000e+00,6.606060e-03,5.565318e-02,0.000000e+00,0.000000e+00,0.000000e+00,0.000000e+00,9.443368e-03,0.000000e+00,0.000000e+00,0.000000e+00,0.000000e+00,0.000000e+00,0.000000e+00,5.128837e-03,1.269880e-03,2.044868e-02,2.930832e-01,0.000000e+00,3.722046e-02
0.000000e+00,0.000000e+00,2.387562e-02,9.902344e-02,0.000000e+00,0.000000e+00,0.000000e+00,0.000000e+00,2.884025e-02,7.367538e-02,1.962395e-02,0.000000e+00,0.000000e+00,7.367538e-02,0.000000e+00,7.882012e-03,1.707769e-02,0.000000e+00,0.000000e+00,1.953800e-02,0.000000e+00,0.000000e+00,0.000000e+00,0.000000e+00,4.911692e-02,0.000000e+00,0.000000e+00,0.000000e+00,0.000000e+00,0.000000e+00,0.000000e+00,0.000000e+00,0.000000e+00,0.000000e+00,2.200301e-02,0.000000e+00,0.000000e+00,0.000000e+00,0.000000e+00,0.000000e+00,0.000000e+00,0.000000e+00,0.000000e+00,1.396125e-01,0.000000e+00,0.000000e+00,1.962395e-02,6.568343e-04,0.000000e+00,1.530798e-02,6.959393e-02,0.000000e+00,0.000000e+00,0.000000e+00,1.680275e-01,0.000000e+00,0.000000e+00,5.411836e-03,0.000000e+00,0.000000e+00,1.861023e-01,0.000000e+00,0.000000e+00,0.000000e+00,0.000000e+00,0.000000e+00,0.000000e+00,0.000000e+00,0.000000e+00,0.000000e+00,0.000000e+00,0.000000e+00,0.000000e+00,0.000000e+00,6.833855e-03,0.000000e+00,0.000000e+00,0.000000e+00,1.369066e-01,0.000000e+00,0.000000e+00,0.000000e+00,0.000000e+00,0.000000e+00,3.850392e-02,0.000000e+00,2.478441e-02,0.000000e+00,0.000000e+00,0.000000e+00,0.000000e+00,1.894142e-02,0.000000e+00,0.000000e+00,0.000000e+00,0.000000e+00,0.000000e+00,0.000000e+00,0.000000e+00,0.000000e+00,8.140876e-02,0.000000e+00,0.000000e+00,2.878613e-02,0.000000e+00,0.000000e+00,6.632117e-03,2.627337e-03,0.000000e+00,1.151445e-01,0.000000e+00,0.000000e+00,0.000000e+00,0.000000e+00,0.000000e+00,0.000000e+00,0.000000e+00,9.246633e-02,0.000000e+00,0.000000e+00,0.000000e+00,3.416928e-03,0.000000e+00,0.000000e+00,0.000000e+00,0.000000e+00,0.000000e+00,1.465350e-02,0.000000e+00,0.000000e+00,3.256350e-01,0.000000e+00,0.000000e+00,0.000000e+00,2.652847e-03,1.313669e-03,1.057691e-02,1.212758e-01,0.000000e+00,0.000000e+00
0.000000e+00,0.000000e+00,1.214725e-02,0.000000e+00,0.000000e+00,0.000000e+00,0.000000e+00,0.000000e+00,0.000000e+00,0.000000e+00,0.000000e+00,0.000000e+00,0.000000e+00,3.748397e-02,0.000000e+00,7.017756e-03,8.020293e-03,0.000000e+00,0.000000e+00,2.236587e-02,0.000000e+00,0.000000e+00,1.751083e-02,0.000000e+00,3.748397e-02,0.000000e+00,0.000000e+00,7.565768e-02,0.000000e+00,0.000000e+00,0.000000e+00,0.000000e+00,0.000000e+00,0.000000e+00,3.358355e-02,0.000000e+00,0.000000e+00,0.000000e+00,0.000000e+00,0.000000e+00,0.000000e+00,0.000000e+00,2.995234e-02,0.000000e+00,0.000000e+00,0.000000e+00,0.000000e+00,4.010146e-03,0.000000e+00,0.000000e+00,5.311116e-02,0.000000e+00,0.000000e+00,0.000000e+00,0.000000e+00,4.393672e-02,0.000000e+00,4.130085e-03,0.000000e+00,0.000000e+00,1.861023e-01,0.000000e+00,0.000000e+00,0.000000e+00,0.000000e+00,1.511410e-01,0.000000e+00,0.000000e+00,0.000000e+00,0.000000e+00,0.000000e+00,0.000000e+00,0.000000e+00,0.000000e+00,1.043062e-02,0.000000e+00,0.000000e+00,0.000000e+00,0.000000e+00,3.358355e-02,0.000000e+00,0.000000e+00,0.000000e+00,0.000000e+00,9.794857e-03,0.000000e+00,3.782884e-02,0.000000e+00,0.000000e+00,0.000000e+00,0.000000e+00,4.130085e-03,0.000000e+00,2.985553e-01,5.129261e-02,0.000000e+00,0.000000e+00,0.000000e+00,0.000000e+00,0.000000e+00,0.000000e+00,0.000000e+00,0.000000e+00,8.787344e-02,0.000000e+00,0.000000e+00,1.214725e-02,1.002537e-03,0.000000e+00,4.393672e-02,0.000000e+00,0.000000e+00,0.000000e+00,0.000000e+00,0.000000e+00,0.000000e+00,0.000000e+00,2.822656e-02,0.000000e+00,7.455290e-03,0.000000e+00,5.215311e-03,0.000000e+00,0.000000e+00,0.000000e+00,0.000000e+00,0.000000e+00,2.982116e-02,0.000000e+00,0.000000e+00,0.000000e+00,0.000000e+00,0.000000e+00,0.000000e+00,4.049082e-03,3.007610e-03,0.000000e+00,4.627629e-02,0.000000e+00,1.958971e-02
0.000000e+00,0.000000e+00,5.656806e-03,0.000000e+00,0.000000e+00,2.094692e-02,4.905020e-02,0.000000e+00,7.379711e-02,2.094692e-02,3.347615e-02,0.000000e+00,0.000000e+00,6.284077e-02,0.000000e+00,9.524097e-03,1.288554e-02,0.000000e+00,0.000000e+00,2.499715e-02,0.000000e+00,0.000000e+00,0.000000e+00,0.000000e+00,2.094692e-02,0.000000e+00,1.305681e-02,1.056982e-02,0.000000e+00,0.000000e+00,0.000000e+00,0.000000e+00,0.000000e+00,0.000000e+00,0.000000e+00,0.000000e+00,0.000000e+00,0.000000e+00,0.000000e+00,0.000000e+00,0.000000e+00,5.561325e-02,1.673807e-02,0.000000e+00,0.000000e+00,0.000000e+00,0.000000e+00,2.801205e-03,0.000000e+00,0.000000e+00,5.935953e-02,0.000000e+00,1.484990e-01,1.167733e-01,8.599056e-02,0.000000e+00,0.000000e+00,2.307989e-03,1.876728e-02,0.000000e+00,1.587343e-01,0.000000e+00,0.000000e+00,0.000000e+00,0.000000e+00,0.000000e+00,0.000000e+00,0.000000e+00,0.000000e+00,0.000000e+00,1.689223e-01,0.000000e+00,0.000000e+00,6.943688e-02,8.743315e-03,0.000000e+00,0.000000e+00,0.000000e+00,0.000000e+00,0.000000e+00,0.000000e+00,0.000000e+00,4.910575e-02,0.000000e+00,1.094719e-02,0.000000e+00,3.170947e-02,6.990336e-02,0.000000e+00,0.000000e+00,0.000000e+00,1.846391e-02,0.000000e+00,5.561325e-02,0.000000e+00,0.000000e+00,0.000000e+00,0.000000e+00,0.000000e+00,0.000000e+00,0.000000e+00,0.000000e+00,0.000000e+00,1.227644e-01,0.000000e+00,0.000000e+00,2.375859e-02,1.120482e-03,0.000000e+00,0.000000e+00,0.000000e+00,0.000000e+00,0.000000e+00,0.000000e+00,0.000000e+00,4.368780e-02,0.000000e+00,1.577367e-02,0.000000e+00,4.166192e-03,0.000000e+00,1.165775e-02,1.227644e-01,2.210047e-02,0.000000e+00,5.561325e-02,0.000000e+00,1.249858e-02,0.000000e+00,0.000000e+00,0.000000e+00,0.000000e+00,0.000000e+00,0.000000e+00,6.788167e-03,3.361446e-03,1.804296e-02,2.586028e-02,0.000000e+00,3.284158e-02
0.000000e+00,0.000000e+00,4.963391e-03,0.000000e+00,0.000000e+00,0.000000e+00,5.379699e-02,0.000000e+00,3.372448e-02,0.000000e+00,0.000000e+00,9.263483e-02,0.000000e+00,2.297404e-02,0.000000e+00,6.144579e-03,7.987953e-03,0.000000e+00,0.000000e+00,3.198560e-02,0.000000e+00,1.057143e-01,0.000000e+00,0.000000e+00,0.000000e+00,0.000000e+00,1.432037e-02,1.159271e-02,0.000000e+00,0.000000e+00,0.000000e+00,0.000000e+00,0.000000e+00,0.000000e+00,4.116693e-02,0.000000e+00,1.280739e-01,0.000000e+00,0.000000e+00,0.000000e+00,0.000000e+00,6.099517e-02,0.000000e+00,0.000000e+00,0.000000e+00,0.000000e+00,1.285052e-01,1.843374e-03,0.000000e+00,1.432037e-02,1.139320e-01,1.280739e-01,0.000000e+00,0.000000e+00,1.257496e-01,0.000000e+00,0.000000e+00,5.062685e-03,0.000000e+00,0.000000e+00,1.080594e-01,0.000000e+00,0.000000e+00,0.000000e+00,0.000000e+00,0.000000e+00,0.000000e+00,0.000000e+00,0.000000e+00,1.627600e-02,0.000000e+00,0.000000e+00,1.280739e-01,0.000000e+00,6.392961e-03,3.483613e-02,0.000000e+00,0.000000e+00,0.000000e+00,0.000000e+00,0.000000e+00,0.000000e+00,1.077158e-01,0.000000e+00,6.003299e-03,0.000000e+00,3.477813e-02,0.000000e+00,0.000000e+00,0.000000e+00,0.000000e+00,2.025074e-02,0.000000e+00,0.000000e+00,0.000000e+00,0.000000e+00,0.000000e+00,1.057143e-01,0.000000e+00,0.000000e+00,0.000000e+00,0.000000e+00,0.000000e+00,0.000000e+00,0.000000e+00,0.000000e+00,8.685934e-03,2.457832e-03,0.000000e+00,0.000000e+00,0.000000e+00,0.000000e+00,9.263483e-02,0.000000e+00,9.263483e-02,0.000000e+00,6.530264e-02,1.730015e-02,0.000000e+00,9.138743e-03,0.000000e+00,9.589442e-03,2.692896e-02,2.423923e-02,0.000000e+00,6.099517e-02,0.000000e+00,3.198560e-02,0.000000e+00,0.000000e+00,7.615658e-02,0.000000e+00,1.057143e-01,0.000000e+00,3.722543e-03,2.457832e-03,9.894525e-03,5.672577e-02,0.000000e+00,6.003299e-03
0.000000e+00,0.000000e+00,1.972630e-03,0.000000e+00,0.000000e+00,1.826142e-01,4.276171e-02,0.000000e+00,4.289063e-02,7.304568e-02,0.000000e+00,0.000000e+00,0.000000e+00,3.652284e-02,0.000000e+00,7.814644e-03,1.025672e-02,0.000000e+00,0.000000e+00,2.905652e-02,5.585981e-02,0.000000e+00,1.706183e-02,0.000000e+00,1.826142e-02,0.000000e+00,0.000000e+00,0.000000e+00,1.472656e-01,0.000000e+00,0.000000e+00,0.000000e+00,0.000000e+00,0.000000e+00,0.000000e+00,0.000000e+00,0.000000e+00,0.000000e+00,0.000000e+00,0.000000e+00,0.000000e+00,9.696669e-02,0.000000e+00,5.190722e-02,0.000000e+00,0.000000e+00,7.296084e-02,9.768305e-04,0.000000e+00,0.000000e+00,5.174933e-02,0.000000e+00,0.000000e+00,0.000000e+00,7.496613e-02,8.562028e-02,0.000000e+00,0.000000e+00,9.816729e-02,0.000000e+00,1.383837e-01,0.000000e+00,0.000000e+00,0.000000e+00,0.000000e+00,0.000000e+00,0.000000e+00,0.000000e+00,0.000000e+00,0.000000e+00,0.000000e+00,0.000000e+00,0.000000e+00,0.000000e+00,2.032634e-02,0.000000e+00,0.000000e+00,0.000000e+00,0.000000e+00,1.799734e-01,0.000000e+00,0.000000e+00,2.140507e-02,0.000000e+00,3.340297e-02,0.000000e+00,7.371774e-02,0.000000e+00,0.000000e+00,0.000000e+00,0.000000e+00,3.621767e-02,0.000000e+00,9.696669e-02,0.000000e+00,0.000000e+00,0.000000e+00,0.000000e+00,0.000000e+00,1.018024e-01,0.000000e+00,2.234392e-01,0.000000e+00,1.926456e-01,0.000000e+00,0.000000e+00,1.972630e-02,9.279890e-03,0.000000e+00,2.140507e-02,0.000000e+00,0.000000e+00,0.000000e+00,0.000000e+00,0.000000e+00,0.000000e+00,1.038144e-01,2.750281e-02,0.000000e+00,3.632065e-03,0.000000e+00,1.270396e-02,2.140507e-02,0.000000e+00,0.000000e+00,2.424167e-01,0.000000e+00,2.542445e-02,0.000000e+00,0.000000e+00,0.000000e+00,0.000000e+00,0.000000e+00,0.000000e+00,9.863149e-04,9.768305e-04,2.359464e-02,2.705383e-01,0.000000e+00,1.908741e-02
0.000000e+00,0.000000e+00,1.748467e-03,0.000000e+00,0.000000e+00,0.000000e+00,7.580486e-02,0.000000e+00,4.752086e-02,3.237252e-02,0.000000e+00,0.000000e+00,0.000000e+00,3.237252e-02,0.000000e+00,8.658270e-04,4.329135e-03,4.662968e-02,0.000000e+00,3.219330e-02,0.000000e+00,0.000000e+00,1.512299e-02,0.000000e+00,0.000000e+00,0.000000e+00,2.017870e-02,0.000000e+00,0.000000e+00,6.751751e-02,0.000000e+00,0.000000e+00,0.000000e+00,0.000000e+00,0.000000e+00,0.000000e+00,0.000000e+00,0.000000e+00,0.000000e+00,0.000000e+00,0.000000e+00,0.000000e+00,0.000000e+00,9.201735e-02,0.000000e+00,0.000000e+00,0.000000e+00,1.731654e-03,0.000000e+00,0.000000e+00,2.293436e-02,0.000000e+00,5.737462e-02,0.000000e+00,1.771927e-01,3.794535e-02,1.305309e-01,2.853513e-02,0.000000e+00,0.000000e+00,1.861023e-01,0.000000e+00,0.000000e+00,0.000000e+00,0.000000e+00,0.000000e+00,0.000000e+00,0.000000e+00,0.000000e+00,0.000000e+00,0.000000e+00,0.000000e+00,0.000000e+00,0.000000e+00,1.801653e-02,0.000000e+00,0.000000e+00,0.000000e+00,0.000000e+00,5.800795e-02,0.000000e+00,0.000000e+00,0.000000e+00,0.000000e+00,8.459195e-03,0.000000e+00,1.633518e-02,3.601082e-02,0.000000e+00,0.000000e+00,0.000000e+00,3.566892e-03,0.000000e+00,0.000000e+00,4.429817e-02,0.000000e+00,0.000000e+00,0.000000e+00,0.000000e+00,0.000000e+00,0.000000e+00,0.000000e+00,0.000000e+00,0.000000e+00,0.000000e+00,0.000000e+00,6.993869e-03,3.463308e-03,0.000000e+00,0.000000e+00,0.000000e+00,0.000000e+00,0.000000e+00,0.000000e+00,0.000000e+00,0.000000e+00,0.000000e+00,0.000000e+00,0.000000e+00,0.000000e+00,0.000000e+00,0.000000e+00,0.000000e+00,0.000000e+00,0.000000e+00,0.000000e+00,0.000000e+00,6.438660e-03,0.000000e+00,0.000000e+00,1.073115e-01,0.000000e+00,0.000000e+00,0.000000e+00,3.496935e-03,3.463308e-03,2.788457e-02,3.996588e-02,0.000000e+00,3.383678e-02
0.000000e+00,0.000000e+00,1.699673e-02,0.000000e+00,0.000000e+00,3.312537e-02,0.000000e+00,0.000000e+00,4.376340e-02,0.000000e+00,0.000000e+00,0.000000e+00,0.000000e+00,4.968805e-02,0.000000e+00,7.973663e-03,7.530682e-03,0.000000e+00,0.000000e+00,2.635358e-02,0.000000e+00,0.000000e+00,1.547469e-02,0.000000e+00,3.312537e-02,5.066355e-02,1.032399e-02,1.671507e-02,0.000000e+00,0.000000e+00,0.000000e+00,0.000000e+00,0.000000e+00,0.000000e+00,8.903545e-02,0.000000e+00,0.000000e+00,0.000000e+00,0.000000e+00,0.000000e+00,0.000000e+00,4.397326e-02,0.000000e+00,0.000000e+00,0.000000e+00,5.066355e-02,0.000000e+00,2.214906e-03,4.123412e-02,2.064797e-02,1.056047e-01,0.000000e+00,0.000000e+00,0.000000e+00,6.799253e-02,0.000000e+00,0.000000e+00,1.642429e-02,5.935697e-02,0.000000e+00,1.861023e-01,0.000000e+00,0.000000e+00,0.000000e+00,0.000000e+00,0.000000e+00,0.000000e+00,0.000000e+00,0.000000e+00,2.346772e-02,0.000000e+00,0.000000e+00,0.000000e+00,0.000000e+00,2.304440e-03,0.000000e+00,0.000000e+00,0.000000e+00,0.000000e+00,2.967848e-02,0.000000e+00,0.000000e+00,3.882780e-02,0.000000e+00,8.655920e-03,0.000000e+00,3.343014e-02,0.000000e+00,0.000000e+00,0.000000e+00,0.000000e+00,1.094953e-02,0.000000e+00,0.000000e+00,0.000000e+00,0.000000e+00,1.201859e-01,0.000000e+00,0.000000e+00,0.000000e+00,0.000000e+00,5.066355e-02,0.000000e+00,5.824170e-02,0.000000e+00,0.000000e+00,7.156517e-03,4.429813e-04,0.000000e+00,1.358973e-01,0.000000e+00,0.000000e+00,0.000000e+00,0.000000e+00,0.000000e+00,6.908769e-02,0.000000e+00,4.988881e-02,0.000000e+00,6.588396e-03,0.000000e+00,2.304440e-03,1.941390e-02,3.494959e-02,9.233237e-02,0.000000e+00,0.000000e+00,1.647099e-02,0.000000e+00,0.000000e+00,5.490358e-02,0.000000e+00,0.000000e+00,0.000000e+00,1.789129e-03,1.328944e-03,7.133262e-03,0.000000e+00,0.000000e+00,3.462368e-02
0.000000e+00,0.000000e+00,0.000000e+00,0.000000e+00,0.000000e+00,0.000000e+00,0.000000e+00,0.000000e+00,0.000000e+00,0.000000e+00,0.000000e+00,0.000000e+00,0.000000e+00,0.000000e+00,0.000000e+00,0.000000e+00,1.904819e-02,0.000000e+00,0.000000e+00,0.000000e+00,0.000000e+00,0.000000e+00,0.000000e+00,0.000000e+00,0.000000e+00,0.000000e+00,0.000000e+00,0.000000e+00,0.000000e+00,0.000000e+00,0.000000e+00,0.000000e+00,0.000000e+00,0.000000e+00,0.000000e+00,0.000000e+00,0.000000e+00,0.000000e+00,0.000000e+00,0.000000e+00,0.000000e+00,0.000000e+00,0.000000e+00,0.000000e+00,0.000000e+00,0.000000e+00,0.000000e+00,2.116466e-03,0.000000e+00,0.000000e+00,1.121236e-01,0.000000e+00,0.000000e+00,0.000000e+00,0.000000e+00,0.000000e+00,0.000000e+00,0.000000e+00,0.000000e+00,0.000000e+00,1.861023e-01,0.000000e+00,0.000000e+00,0.000000e+00,0.000000e+00,0.000000e+00,0.000000e+00,0.000000e+00,0.000000e+00,0.000000e+00,0.000000e+00,0.000000e+00,0.000000e+00,0.000000e+00,0.000000e+00,0.000000e+00,0.000000e+00,0.000000e+00,0.000000e+00,0.000000e+00,0.000000e+00,0.000000e+00,0.000000e+00,0.000000e+00,0.000000e+00,0.000000e+00,7.986089e-02,0.000000e+00,0.000000e+00,0.000000e+00,0.000000e+00,3.487627e-02,0.000000e+00,0.000000e+00,0.000000e+00,0.000000e+00,0.000000e+00,0.000000e+00,0.000000e+00,0.000000e+00,0.000000e+00,0.000000e+00,0.000000e+00,0.000000e+00,0.000000e+00,0.000000e+00,8.548062e-03,4.232932e-03,0.000000e+00,0.000000e+00,0.000000e+00,0.000000e+00,0.000000e+00,0.000000e+00,0.000000e+00,0.000000e+00,0.000000e+00,0.000000e+00,0.000000e+00,0.000000e+00,0.000000e+00,0.000000e+00,0.000000e+00,0.000000e+00,0.000000e+00,0.000000e+00,0.000000e+00,3.147789e-02,0.000000e+00,0.000000e+00,0.000000e+00,0.000000e+00,0.000000e+00,0.000000e+00,4.274031e-03,4.232932e-03,0.000000e+00,0.000000e+00,0.000000e+00,4.135606e-02
0.000000e+00,0.000000e+00,0.000000e+00,0.000000e+00,0.000000e+00,0.000000e+00,0.000000e+00,0.000000e+00,0.000000e+00,0.000000e+00,0.000000e+00,0.000000e+00,0.000000e+00,0.000000e+00,0.000000e+00,0.000000e+00,0.000000e+00,0.000000e+00,0.000000e+00,0.000000e+00,0.000000e+00,0.000000e+00,0.000000e+00,0.000000e+00,0.000000e+00,0.000000e+00,0.000000e+00,0.000000e+00,0.000000e+00,0.000000e+00,0.000000e+00,0.000000e+00,0.000000e+00,0.000000e+00,0.000000e+00,0.000000e+00,0.000000e+00,0.000000e+00,0.000000e+00,0.000000e+00,0.000000e+00,0.000000e+00,0.000000e+00,0.000000e+00,0.000000e+00,0.000000e+00,0.000000e+00,0.000000e+00,0.000000e+00,0.000000e+00,0.000000e+00,0.000000e+00,0.000000e+00,0.000000e+00,0.000000e+00,0.000000e+00,0.000000e+00,0.000000e+00,0.000000e+00,0.000000e+00,0.000000e+00,0.000000e+00,0.000000e+00,0.000000e+00,0.000000e+00,0.000000e+00,0.000000e+00,0.000000e+00,0.000000e+00,0.000000e+00,0.000000e+00,0.000000e+00,0.000000e+00,0.000000e+00,0.000000e+00,0.000000e+00,0.000000e+00,0.000000e+00,0.000000e+00,0.000000e+00,0.000000e+00,0.000000e+00,0.000000e+00,0.000000e+00,0.000000e+00,0.000000e+00,0.000000e+00,0.000000e+00,0.000000e+00,0.000000e+00,0.000000e+00,0.000000e+00,0.000000e+00,0.000000e+00,0.000000e+00,0.000000e+00,0.000000e+00,0.000000e+00,0.000000e+00,0.000000e+00,0.000000e+00,0.000000e+00,0.000000e+00,0.000000e+00,0.000000e+00,0.000000e+00,0.000000e+00,0.000000e+00,0.000000e+00,0.000000e+00,0.000000e+00,0.000000e+00,0.000000e+00,0.000000e+00,0.000000e+00,0.000000e+00,0.000000e+00,0.000000e+00,0.000000e+00,0.000000e+00,0.000000e+00,0.000000e+00,0.000000e+00,0.000000e+00,0.000000e+00,0.000000e+00,0.000000e+00,0.000000e+00,0.000000e+00,0.000000e+00,0.000000e+00,0.000000e+00,0.000000e+00,0.000000e+00,0.000000e+00,0.000000e+00,0.000000e+00,0.000000e+00,0.000000e+00,0.000000e+00
